customer_id,first_name,last_name,gender,signup_date
1,Robert   ,Smith,Female,10/16/2016 17:23
2,Emily,Garcia,Female,4/4/2021 14:24
3,Jessica,  Brown,Male,4/22/2018 4:51
4,Michael,  Brown,m,7/6/2018 17:45
5,  Robert,Jones,Male,3/11/2018 1:43
6,Linda,Garcia  ,Male,7/29/2020 19:11
7,Alex,Jones,Male,1/2/2018 8:22
8,  Robert,Garcia,Male,2/21/2018 18:52
9,Jessica,Martinez,Female,1/18/2022 17:11
10,Michael,Smith,Female,3/22/2020 3:08
11,Emily,Martinez,Female,1/11/2018 12:50
12,Jessica,Rodriguez,Male,11/24/2018 14:53
13,Jessica  ,Miller  ,Female,5/26/2019 14:23
14,Alex,Williams,Female,3/15/2016 0:14
15,Sarah,Garcia,Female,11/4/2022 13:09
16,Michael,Rodriguez,Female,8/30/2018 23:17
17,Jane,Miller,f,10/10/2020 16:48
18,Jessica,Davis,Male,5/22/2021 12:10
19,Sarah,Smith,Male,5/25/2020 5:30
20,Jane,Jones,Female,9/9/2020 1:36
21,Michael,Jones,Female,1/4/2018 4:27
22,John,Martinez,Female,1/5/2017 11:20
23,Linda,Brown,Male,11/28/2022 19:19
24,Sarah,Miller,Male,3/19/2021 13:16
25,William,Davis,Female,2/8/2015 20:37
26,John,Rodriguez,Male,12/13/2019 12:04
27,Linda,Smith,Male,2/17/2021 14:58
28,Alex,Miller,Female,4/25/2015 19:18
29,Robert,Davis,Male,1/22/2020 4:49
30,Emily,Williams,Male,6/22/2016 10:17
31,William,Garcia,Female,2/18/2021 10:29
32,Alex,Jones,Male,2/7/2021 15:34
33,Michael,Rodriguez,Male,10/23/2021 10:24
34,Alex,Jones,Female,7/10/2015 17:08
35,Robert,Rodriguez,Male,7/25/2020 7:10
36,Michael,Martinez,Male,5/19/2015 13:07
37,William,Brown,Female,1/7/2021 13:42
38,Robert,Rodriguez,Female,1/17/2018 0:14
39,Jane,Jones,Female,10/30/2020 10:48
40,Emily,Martinez,Male,2/14/2021 6:42
41,William,Rodriguez,Female,3/6/2017 8:04
42,Jane,Williams,Male,6/10/2015 4:18
43,Linda,Brown,Female,9/27/2016 8:54
44,William,Rodriguez,Male,10/17/2021 12:14
45,Linda,Martinez,Female,2/21/2018 11:42
46,Michael,Miller,Female,3/19/2019 18:46
47,Jane,Johnson,Female,2/26/2017 21:27
48,Emily,Davis,Female,5/18/2021 7:18
49,Robert,Johnson,Male,1/3/2017 5:23
50,Jessica,Johnson,Female,5/19/2020 0:57
51,Alex,Smith,Female,9/1/2022 17:53
52,John,Williams,Male,4/16/2016 22:09
53,Emily,Miller,Female,2/2/2018 10:33
54,Jane,Garcia,Male,12/31/2017 9:19
55,Jessica,Rodriguez,Female,11/18/2019 6:08
56,Emily,Davis,Female,8/25/2017 6:07
57,Jane,Brown,Female,5/20/2021 3:03
58,Sarah,Miller,Male,5/15/2017 9:57
59,Sarah,Jones,Female,8/7/2021 8:06
60,Linda,Garcia,Female,6/18/2016 1:41
61,Emily,Smith,Female,8/8/2022 4:26
62,Sarah,Smith,Male,10/24/2021 7:08
63,Jane,Miller,Male,1/25/2019 16:29
64,Linda,Martinez,Female,1/26/2017 6:23
65,Jane,Johnson,Male,2/23/2020 3:17
66,Linda,Jones,Female,6/26/2018 8:34
67,Emily,Smith,Female,2/5/2021 23:52
68,Jessica,Davis,Female,5/26/2020 12:05
69,Robert,Smith,Female,1/19/2018 11:56
70,William,Brown,Female,7/20/2022 20:49
71,Jessica,Rodriguez,Female,5/27/2016 21:56
72,Michael,Smith,Female,2/21/2018 2:57
73,Jane,Brown,Male,10/12/2016 3:26
74,Michael,Miller,Male,8/21/2021 0:34
75,Jessica,Miller,Male,9/5/2019 20:33
76,Linda,Garcia,Male,6/24/2017 20:52
77,William,Smith,Male,8/15/2018 3:14
78,William,Davis,Male,12/25/2018 18:30
79,John,Smith,Male,9/29/2017 8:09
80,William,Davis,Female,2/4/2017 7:55
81,Robert,Williams,Female,10/20/2022 6:11
82,William,Garcia,Female,8/28/2015 11:38
83,Jessica,Williams,Female,10/18/2021 10:31
84,John,Smith,Male,9/19/2015 4:32
85,Jessica,Garcia,Male,9/26/2019 10:02
86,Jessica,Williams,Female,6/15/2020 14:55
87,Alex,Johnson,Female,9/17/2017 14:04
88,John,Smith,Male,2/21/2017 2:21
89,Jessica,Williams,Female,10/10/2016 4:45
90,Alex,Johnson,Female,9/2/2015 1:37
91,Alex,Johnson,Female,4/10/2022 18:14
92,John,Miller,Female,9/28/2019 13:03
93,Michael,Smith,Male,11/14/2021 17:39
94,Linda,Johnson,Female,3/17/2019 16:00
95,Robert,Miller,,11/13/2018 5:45
96,Linda,Williams,Male,7/25/2015 17:48
97,William,Brown,Male,4/13/2018 9:41
98,Robert,Smith,,8/29/2019 16:16
99,William,Garcia,Male,12/31/2019 3:28
100,Jessica,Davis,Female,7/14/2016 22:06
101,Jane,Davis,Female,6/4/2019 23:14
102,John,Williams,,1/22/2017 1:35
103,Robert,Martinez,Female,9/7/2020 15:45
104,Robert,Martinez,Female,8/15/2016 1:23
105,Jessica,Williams,Female,10/2/2019 14:51
106,Michael,Johnson,,6/9/2016 3:36
107,Alex,Smith,Male,6/4/2021 22:10
108,Jessica,Davis,Male,5/24/2015 13:45
109,Sarah,Davis,Female,1/24/2016 11:53
110,Alex,Johnson,Male,11/1/2020 8:22
111,John,Davis,Female,4/4/2021 15:18
112,Alex,Garcia,Female,7/23/2020 21:23
113,Michael,Smith,Female,9/6/2019 17:30
114,Alex,Rodriguez,Female,4/13/2016 18:23
115,John,Davis,Female,5/1/2020 5:37
116,Michael,Williams,Male,3/19/2019 8:58
117,Linda,Garcia,Female,9/26/2015 23:48
118,Robert,Davis,Male,9/9/2020 18:02
119,Robert,Garcia,Male,10/12/2019 1:08
120,William,Miller,Female,2/16/2018 22:14
121,Linda,Rodriguez,Female,11/11/2016 7:40
122,Linda,Jones,Female,12/29/2017 12:03
123,Alex,Williams,Female,5/27/2022 15:36
124,Robert,Williams,Female,9/20/2022 16:02
125,John,Smith,Male,12/29/2018 20:52
126,Emily,Garcia,Female,10/21/2021 6:19
127,Emily,Johnson,Female,11/18/2021 5:36
128,Michael,Williams,Male,2/19/2017 18:22
129,Robert,Garcia,Male,4/15/2022 0:38
130,Robert,Garcia,Female,12/24/2015 22:10
131,Emily,Brown,Male,7/13/2020 20:21
132,Robert,Brown,Female,3/19/2019 5:58
133,Alex,Jones,Male,9/13/2019 14:21
134,Sarah,Miller,Male,4/6/2015 20:01
135,Jane,Jones,Female,4/2/2016 23:25
136,Linda,Davis,Male,1/19/2015 12:21
137,William,Johnson,Male,1/27/2015 5:04
138,Michael,Davis,Male,6/7/2019 0:59
139,Sarah,Martinez,Male,12/14/2017 5:40
140,Emily,Davis,Male,8/19/2016 0:18
141,Linda,Smith,Male,7/13/2017 5:20
142,Robert,Davis,Female,12/3/2018 22:17
143,William,Jones,Female,5/16/2020 20:05
144,Robert,Williams,Male,11/14/2015 10:25
145,John,Williams,Female,4/24/2016 17:36
146,John,Brown,Female,10/19/2016 8:06
147,William,Johnson,Female,7/8/2020 1:10
148,William,Johnson,Male,6/25/2017 3:54
149,Emily,Smith,Female,2/4/2021 16:06
150,William,Jones,Male,6/27/2018 6:03
151,Alex,Brown,Female,6/30/2016 6:38
152,Robert,Martinez,Male,8/10/2019 3:32
153,Sarah,Johnson,Male,8/26/2015 1:24
154,Jessica,Williams,Female,1/5/2021 3:31
155,William,Davis,Female,2/13/2021 3:13
156,Michael,Davis,Male,3/16/2021 18:55
157,John,Brown,Female,12/9/2016 0:33
158,Alex,Jones,Female,11/6/2019 7:45
159,Linda,Jones,Female,7/18/2015 1:49
160,Jessica,Miller,Male,7/18/2018 21:20
161,Sarah,Rodriguez,Male,7/26/2020 5:55
162,Jessica,Johnson,Female,8/2/2017 17:31
163,William,Jones,Female,7/3/2022 2:01
164,Emily,Williams,Female,10/10/2019 19:46
165,John,Brown,Male,9/2/2017 19:37
166,John,Martinez,Male,5/20/2018 8:20
167,Linda,Miller,Female,8/16/2019 21:41
168,Emily,Garcia,Female,8/24/2020 15:28
169,Robert,Smith,Female,10/7/2016 10:47
170,Jane,Martinez,Female,1/4/2016 6:56
171,Alex,Garcia,Female,9/18/2021 1:53
172,John,Davis,Female,3/13/2015 10:48
173,Michael,Smith,Male,8/10/2015 3:08
174,John,Johnson,Female,9/11/2019 21:43
175,Jessica,Williams,Male,2/10/2020 20:01
176,John,Smith,Female,11/23/2022 13:47
177,John,Rodriguez,Female,5/31/2018 17:56
178,Jane,Garcia,Male,2/15/2022 8:28
179,Jane,Johnson,Male,11/25/2017 9:08
180,Sarah,Rodriguez,Male,11/16/2021 8:16
181,Robert,Davis,Male,5/7/2020 8:46
182,Michael,Rodriguez,Female,2/26/2015 5:47
183,John,Miller,Male,8/8/2015 5:21
184,John,Miller,Female,10/19/2020 9:00
185,Alex,Brown,Male,2/1/2017 9:56
186,Jane,Martinez,f,8/26/2021 6:05
187,Michael,Martinez,Female,9/3/2017 22:21
188,Linda,Johnson,Female,9/19/2021 16:52
189,Sarah,Davis,Female,11/21/2018 13:40
190,Robert,Jones,Female,11/24/2018 17:53
191,Emily,Miller,Female,2/25/2016 7:29
192,Robert,Johnson,Male,9/18/2015 4:03
193,Jessica,Jones,Female,3/15/2019 21:21
194,John,Martinez,Male,12/14/2016 9:49
195,Sarah,Brown,Male,4/28/2016 10:41
196,Jessica,Rodriguez,Female,1/8/2021 4:21
197,Michael,Miller,m,6/26/2017 13:14
198,Emily,Johnson,Female,12/19/2019 14:41
199,Jane,Smith,Male,2/15/2016 14:30
200,Sarah,Jones,Female,7/19/2015 16:58
201,Sarah,Rodriguez,Male,9/25/2017 16:17
202,John,Miller,Female,3/5/2022 2:49
203,William,Martinez,Female,5/11/2021 13:42
204,Sarah,Davis,Female,9/4/2019 7:58
205,Alex,Jones,Female,2/15/2019 14:51
206,Emily,Martinez,Male,7/7/2017 17:33
207,Emily,Miller,Female,12/12/2020 0:08
208,Alex,Jones,Male,4/30/2015 2:24
209,Linda,Rodriguez,Male,4/24/2019 21:01
210,Alex,Miller,Male,1/8/2019 12:36
211,Alex,Garcia,Female,9/23/2017 22:24
212,Emily,Johnson,Male,10/14/2015 4:26
213,Robert,Rodriguez,Male,11/10/2016 6:09
214,Emily,Jones,Male,1/22/2019 21:07
215,William,Davis,Female,8/3/2019 1:14
216,John,Martinez,Female,1/25/2022 16:31
217,Jessica,Smith,Male,12/7/2019 18:13
218,Robert,Martinez,Female,12/18/2019 9:22
219,Jane,Jones,Female,9/28/2015 3:07
220,Jessica,Martinez,Male,2/24/2015 0:58
221,John,Johnson,Male,7/1/2022 19:34
222,William,Miller,Female,8/22/2018 5:10
223,William,Smith,Male,3/7/2017 2:33
224,Jane,Williams,Female,5/27/2018 19:51
225,Robert,Jones,Female,8/13/2015 22:22
226,Linda,Brown,Female,11/21/2018 7:49
227,Alex,Williams,Female,2/26/2022 7:13
228,Robert,Martinez,Female,11/2/2021 22:38
229,Linda,Jones,Female,7/26/2018 10:50
230,William,Garcia,Male,12/15/2019 16:06
231,Emily,Brown,Male,7/2/2017 7:29
232,John,Smith,Female,11/28/2020 6:57
233,Jane,Davis,Female,12/5/2017 21:21
234,John,Garcia,Female,6/19/2019 19:23
235,Michael,Williams,Male,3/18/2015 9:45
236,Michael,Miller,Female,11/18/2017 22:33
237,Robert,Johnson,Male,12/23/2018 0:06
238,William,Davis,Female,3/2/2017 2:09
239,William,Garcia,Female,9/13/2017 22:05
240,Alex,Miller,Male,1/23/2017 18:48
241,Alex,Miller,Male,12/12/2015 15:59
242,Alex,Jones,Female,11/13/2018 15:05
243,Emily,Garcia,Female,2/8/2021 12:46
244,Jessica,Smith,Female,8/21/2015 20:19
245,Sarah,Martinez,Male,1/30/2016 21:54
246,Jessica,Brown,Male,10/4/2017 18:47
247,John,Brown,Male,2/11/2015 14:34
248,Jessica,Williams,Male,10/20/2020 11:36
249,Emily,Williams,Male,5/26/2019 11:50
250,John,Brown,Male,6/26/2022 7:27
251,Jessica,Smith,Female,2/5/2022 12:33
252,Emily,Johnson,Female,11/16/2015 4:53
253,Sarah,Rodriguez,Male,2/1/2022 5:08
254,Jessica,Martinez,Female,10/13/2018 19:24
255,Emily,Johnson,Female,9/16/2019 12:49
256,Alex,Jones,Male,8/3/2021 23:55
257,William,Rodriguez,Female,7/11/2018 12:31
258,Alex,Rodriguez,Male,7/7/2018 11:36
259,William,Garcia,Male,5/9/2021 12:04
260,Jane,Smith,Female,12/29/2019 4:18
261,Jane,Smith,Male,5/24/2018 3:46
262,Jane,Rodriguez,Male,5/22/2020 4:07
263,Sarah,Garcia,Male,11/7/2020 8:08
264,Alex,Martinez,Male,7/3/2021 4:04
265,William,Rodriguez,Male,11/14/2018 21:12
266,Emily,Davis,Male,1/16/2016 20:53
267,John,Williams,Male,4/29/2015 15:54
268,Emily,Williams,Male,5/10/2015 14:36
269,John,Johnson,Female,7/1/2015 20:41
270,Michael,Jones,Female,3/31/2019 5:08
271,Emily,Williams,Female,4/23/2021 6:38
272,Jessica,Miller,Male,2/23/2015 9:02
273,Jessica,Johnson,Male,12/17/2018 15:33
274,Robert,Williams,Female,12/19/2020 20:44
275,Alex,Jones,Female,5/21/2019 14:08
276,John,Smith,Female,11/22/2020 7:34
277,John,Smith,Male,12/3/2016 11:19
278,Alex,Martinez,Female,6/25/2018 10:39
279,Sarah,Rodriguez,Female,10/31/2021 15:51
280,Robert,Davis,Male,10/10/2020 22:24
281,Sarah,Smith,Female,8/19/2017 3:53
282,Sarah,Garcia,Male,10/28/2016 7:00
283,Sarah,Williams,Male,10/7/2016 9:41
284,Alex,Garcia,Male,5/30/2015 17:28
285,Sarah,Jones,Female,8/11/2018 6:53
286,Jessica,Smith,Female,1/14/2017 10:26
287,Jane,Davis,Male,3/4/2019 12:57
288,Michael,Jones,Female,3/5/2018 17:09
289,John,Miller,Female,1/23/2017 3:22
290,John,Miller,Female,6/17/2019 19:23
291,Michael,Garcia,Female,4/25/2018 1:36
292,Alex,Rodriguez,Male,2/26/2020 10:56
293,Emily,Johnson,Female,8/26/2021 23:44
294,Alex,Rodriguez,Male,11/30/2020 4:12
295,John,Martinez,Male,2/12/2017 12:54
296,John,Rodriguez,Female,5/7/2017 21:14
297,Michael,Martinez,Male,9/11/2015 9:34
298,Sarah,Martinez,Female,11/3/2022 18:01
299,Alex,Davis,Female,6/19/2015 9:31
300,William,Smith,Male,2/14/2019 1:51
301,Michael,Davis,Male,2/14/2021 2:22
302,Jessica,Martinez,Male,6/29/2021 5:53
303,John,Jones,Male,7/29/2017 5:22
304,Michael,Miller,Female,2/8/2019 2:36
305,Alex,Martinez,Female,12/8/2019 1:54
306,John,Davis,Female,11/21/2021 6:56
307,Emily,Jones,Male,11/7/2016 7:33
308,Michael,Davis,Male,11/7/2021 23:13
309,Robert,Rodriguez,Male,6/4/2015 3:13
310,John,Williams,Female,2/17/2018 15:04
311,Alex,Garcia,Male,2/12/2019 15:00
312,Jane,Johnson,Female,1/11/2022 19:09
313,William,Davis,Male,3/3/2017 6:45
314,Linda,Johnson,Female,11/20/2020 8:54
315,Sarah,Brown,Female,6/8/2019 18:37
316,Linda,Davis,Male,4/14/2020 19:59
317,Alex,Williams,Male,9/8/2016 23:47
318,Jessica,Johnson,Female,9/24/2015 1:46
319,Jessica,Martinez,Female,6/6/2019 1:27
320,Jane,Davis,Male,7/19/2021 0:40
321,Sarah,Smith,Male,10/9/2017 13:05
322,Robert,Garcia,Female,3/7/2015 6:09
323,Jane,Williams,Male,1/21/2021 17:17
324,Linda,Johnson,Female,2/12/2017 16:45
325,Jane,Williams,Female,12/19/2020 20:45
326,Linda,Jones,Male,7/28/2018 3:19
327,John,Garcia,Male,8/21/2021 17:29
328,Jessica,Martinez,Male,7/28/2015 19:42
329,John,Davis,Male,5/4/2018 17:16
330,William,Davis,Male,6/24/2020 8:27
331,Sarah,Davis,Female,10/30/2018 11:40
332,Robert,Garcia,Female,10/6/2016 4:20
333,Linda,Smith,Male,5/18/2020 7:14
334,Robert,Brown,Male,9/23/2019 20:13
335,Linda,Miller,Male,2/14/2016 2:40
336,Alex,Rodriguez,Female,3/18/2019 14:09
337,Jane,Johnson,Male,5/18/2017 10:38
338,William,Smith,Male,11/14/2015 1:14
339,Jessica,Martinez,Female,6/28/2021 3:30
340,Linda,Johnson,Female,10/25/2017 10:37
341,Robert,Davis,Male,5/18/2017 14:12
342,William,Williams,Male,4/6/2015 21:40
343,Emily,Martinez,Male,7/20/2021 12:40
344,Emily,Johnson,Female,12/18/2017 6:04
345,John,Davis,Male,11/21/2018 8:11
346,Jessica,Johnson,Male,8/24/2016 2:12
347,Alex,Williams,Male,11/13/2021 6:03
348,Robert,Davis,Female,11/6/2016 21:47
349,Jane,Brown,Female,2/14/2018 11:30
350,Jane,Smith,Male,2/7/2020 12:12
351,Robert,Jones,Male,12/16/2022 23:14
352,Sarah,Rodriguez,Female,2/19/2022 9:12
353,Alex,Garcia,Female,9/24/2017 7:07
354,William,Rodriguez,Female,9/23/2015 14:10
355,Linda,Martinez,Female,11/22/2018 16:16
356,Sarah,Rodriguez,Female,7/17/2020 11:05
357,Linda,Davis,Female,4/25/2021 0:29
358,Linda,Brown,Female,5/28/2015 23:22
359,Sarah,Jones,Female,11/10/2022 18:03
360,John,Smith,Female,12/13/2020 18:59
361,Emily,Smith,Male,5/14/2018 22:32
362,Linda,Williams,Male,3/6/2017 0:09
363,Sarah,Garcia,Male,10/18/2016 10:29
364,Sarah,Johnson,Female,4/11/2018 21:39
365,Michael,Brown,Male,9/5/2017 17:26
366,John,Johnson,Female,2/21/2018 10:38
367,Jessica,Jones,Female,6/30/2021 7:22
368,Michael,Rodriguez,Male,8/4/2021 22:11
369,Michael,Smith,Female,9/16/2020 8:35
370,Robert,Jones,Male,9/24/2015 22:16
371,Emily,Rodriguez,Male,8/19/2021 16:15
372,Sarah,Smith,Male,7/29/2015 19:53
373,Emily,Rodriguez,Female,2/9/2021 23:27
374,Alex,Garcia,Male,6/17/2016 9:57
375,Robert,Brown,Female,11/8/2019 2:17
376,Jessica,Martinez,Male,10/29/2018 21:23
377,Emily,Jones,Male,6/14/2015 0:01
378,Jane,Jones,Male,9/19/2016 2:24
379,Linda,Miller,Female,8/24/2018 5:35
380,Alex,Davis,Female,6/5/2019 19:05
381,John,Garcia,Female,8/21/2020 19:59
382,Jessica,Garcia,Male,8/10/2022 7:19
383,Alex,Johnson,Male,1/6/2015 18:52
384,Linda,Rodriguez,Female,11/14/2016 13:36
385,Robert,Davis,Female,11/14/2017 19:23
386,Linda,Brown,Female,7/4/2018 1:56
387,Michael,Brown,Female,12/1/2018 6:24
388,Linda,Garcia,Female,8/14/2020 12:58
389,Michael,Brown,Female,1/14/2017 10:24
390,Robert,Miller,Male,8/6/2017 21:08
391,William,Jones,Female,12/26/2022 19:08
392,Michael,Williams,Male,9/16/2019 3:53
393,John,Martinez,Male,6/2/2018 3:20
394,Linda,Johnson,Female,2/18/2017 8:58
395,Linda,Rodriguez,Female,9/5/2018 2:36
396,John,Martinez,Male,4/6/2022 0:52
397,Jane,Rodriguez,Female,10/4/2018 10:50
398,Sarah,Smith,Female,2/21/2018 21:56
399,William,Martinez,Male,3/15/2018 21:52
400,Jessica,Williams,Male,5/31/2016 7:50
401,Michael,Garcia,Male,11/3/2021 18:56
402,John,Miller,Female,9/13/2022 0:27
403,Robert,Jones,Male,4/1/2020 22:19
404,Michael,Jones,Female,7/1/2018 23:16
405,Sarah,Miller,Male,7/20/2019 16:51
406,Robert,Davis,Male,6/19/2021 22:48
407,Alex,Smith,Male,5/17/2018 17:49
408,Linda,Rodriguez,Female,11/27/2019 14:52
409,Alex,Williams,Female,2/24/2020 13:41
410,Michael,Brown,Male,2/5/2019 18:07
411,Sarah,Martinez,Male,8/31/2015 2:14
412,William,Smith,Male,4/15/2018 5:55
413,Michael,Martinez,Female,1/21/2022 4:49
414,John,Williams,Male,12/14/2016 10:54
415,Emily,Johnson,Female,7/18/2016 15:39
416,Michael,Johnson,Male,1/28/2016 2:10
417,Linda,Smith,Male,7/20/2019 11:25
418,Linda,Garcia,Male,11/12/2021 9:50
419,Michael,Williams,Male,1/16/2016 8:00
420,Robert,Williams,Male,6/30/2022 13:52
421,Emily,Miller,Male,6/30/2020 5:44
422,John,Garcia,Female,2/14/2018 21:00
423,Michael,Rodriguez,Male,1/13/2016 15:22
424,Robert,Rodriguez,Female,12/31/2017 20:48
425,Linda,Brown,Male,4/28/2019 2:54
426,Linda,Jones,Male,9/6/2021 4:19
427,Sarah,Johnson,Female,9/13/2015 3:23
428,Michael,Rodriguez,Male,3/4/2022 21:14
429,Emily,Garcia,Female,2/16/2021 3:28
430,Jane,Williams,Female,2/16/2015 2:31
431,Emily,Rodriguez,Male,7/21/2020 1:47
432,Linda,Williams,Female,2/14/2016 18:56
433,Linda,Rodriguez,Female,11/2/2015 14:18
434,Alex,Johnson,Male,1/21/2020 11:01
435,Linda,Martinez,Female,11/16/2015 21:43
436,John,Rodriguez,Male,1/15/2022 12:37
437,Jessica,Garcia,Male,3/28/2021 9:08
438,Michael,Rodriguez,Male,10/26/2021 7:34
439,Emily,Jones,Male,3/30/2020 3:36
440,Jessica,Johnson,Female,11/3/2021 22:17
441,Robert,Garcia,Male,7/29/2022 2:47
442,Jane,Miller,Male,5/6/2020 1:28
443,John,Garcia,Female,3/22/2017 12:04
444,Emily,Jones,Male,8/8/2018 5:36
445,Jessica,Martinez,Male,7/10/2015 15:37
446,Jane,Johnson,Female,6/13/2016 12:42
447,Alex,Miller,Female,6/20/2017 16:30
448,John,Jones,Female,8/30/2015 7:25
449,John,Jones,Female,11/26/2015 7:06
450,Alex,Smith,Female,6/28/2022 20:02
451,Michael,Johnson,Female,6/18/2021 3:19
452,Alex,Garcia,Female,8/1/2015 16:16
453,John,Williams,Male,5/31/2016 21:06
454,John,Martinez,Female,5/20/2018 0:37
455,Jessica,Williams,Female,11/11/2018 7:27
456,Linda,Garcia,Female,6/10/2022 17:15
457,Jane,Garcia,Male,2/21/2021 22:10
458,Alex,Johnson,Male,10/9/2020 8:47
459,Jane,Garcia,Female,7/17/2020 15:15
460,Alex,Smith,Female,6/14/2015 2:14
461,Robert,Miller,Female,9/27/2021 23:19
462,John,Garcia,Male,6/7/2022 2:32
463,Linda,Williams,Male,5/3/2020 11:56
464,Jessica,Garcia,Female,4/16/2018 3:47
465,Linda,Smith,Male,4/21/2018 5:54
466,Linda,Rodriguez,Female,9/10/2020 15:52
467,Linda,Rodriguez,Male,12/14/2015 7:52
468,Jane,Jones,Male,5/31/2017 8:49
469,Alex,Martinez,Female,6/8/2019 20:49
470,William,Brown,Female,2/10/2019 11:49
471,Robert,Miller,Female,5/10/2022 10:03
472,Emily,Davis,Female,1/15/2022 18:36
473,Linda,Jones,Male,2/6/2021 11:35
474,Michael,Martinez,Male,6/23/2020 15:52
475,Jane,Rodriguez,Male,9/14/2021 13:18
476,Jessica,Williams,Female,7/23/2022 15:33
477,Emily,Davis,Male,7/2/2019 3:09
478,William,Martinez,Female,9/4/2015 14:00
479,Michael,Martinez,Male,8/14/2017 1:45
480,William,Jones,Female,1/9/2021 12:12
481,Emily,Davis,Female,7/8/2021 11:40
482,Linda,Johnson,Male,12/1/2021 4:39
483,Michael,Brown,Female,4/22/2015 13:42
484,William,Johnson,Female,2/17/2019 20:25
485,Jessica,Davis,Male,7/17/2021 17:30
486,Alex,Johnson,Female,9/26/2021 2:49
487,John,Smith,Female,12/30/2019 2:37
488,Alex,Rodriguez,Female,11/19/2019 12:35
489,Emily,Smith,Male,10/27/2019 16:20
490,Jane,Garcia,Male,8/19/2021 15:08
491,John,Johnson,Female,8/8/2016 23:51
492,Robert,Garcia,Male,12/31/2020 15:21
493,Jessica,Williams,Female,5/8/2016 9:11
494,Robert,Miller,Female,1/15/2017 21:13
495,Michael,Williams,Female,1/1/2022 7:48
496,John,Davis,Female,2/8/2020 23:32
497,Robert,Martinez,Female,4/12/2021 6:14
498,Robert,Rodriguez,Male,4/6/2021 14:29
499,William,Johnson,Female,8/9/2016 11:47
500,Alex,Jones,Male,10/6/2017 7:26
501,William,Miller,Male,7/17/2016 21:47
502,John,Brown,Female,9/9/2020 6:51
503,John,Brown,Female,8/6/2016 7:19
504,Emily,Brown,Male,8/30/2016 10:35
505,William,Johnson,Male,6/6/2020 22:26
506,Sarah,Brown,Male,8/28/2019 4:07
507,Alex,Smith,Female,6/6/2017 19:11
508,John,Miller,Male,1/18/2018 0:08
509,Emily,Smith,Female,2/23/2016 14:11
510,William,Martinez,Female,5/6/2018 6:53
511,Alex,Miller,Female,4/28/2015 16:17
512,William,Smith,Male,9/18/2021 19:45
513,Robert,Miller,Female,2/11/2018 0:08
514,Emily,Martinez,Female,8/2/2017 17:21
515,Alex,Garcia,Female,4/1/2015 23:52
516,Linda,Johnson,Female,6/24/2017 12:50
517,Michael,Johnson,Female,11/13/2015 3:42
518,Michael,Brown,Male,9/20/2022 13:14
519,Alex,Williams,Female,11/30/2020 10:47
520,William,Brown,Female,10/14/2016 6:48
521,Emily,Davis,Male,10/9/2018 14:56
522,Michael,Smith,Female,4/3/2015 8:15
523,Emily,Miller,Male,9/21/2020 14:33
524,Michael,Williams,Female,8/12/2019 23:39
525,Robert,Martinez,Male,6/21/2018 17:15
526,William,Davis,Male,4/3/2015 7:51
527,Robert,Martinez,Female,5/13/2017 14:34
528,Michael,Johnson,Female,9/12/2015 7:58
529,Linda,Johnson,Female,4/21/2015 14:29
530,Linda,Brown,Male,9/19/2018 23:30
531,Robert,Smith,Male,8/25/2017 11:07
532,Linda,Williams,Male,6/25/2021 16:55
533,Michael,Rodriguez,Female,2/3/2017 22:56
534,Alex,Davis,Male,3/15/2015 9:16
535,Robert,Davis,Male,12/2/2019 12:16
536,Jane,Brown,Female,2/8/2016 22:09
537,William,Johnson,Male,4/18/2017 12:04
538,Linda,Brown,Male,8/30/2015 10:08
539,Linda,Miller,Female,2/24/2017 9:38
540,John,Williams,Male,2/28/2021 8:22
541,Sarah,Smith,Female,9/21/2021 22:29
542,Robert,Garcia,Female,12/14/2021 18:59
543,Jessica,Jones,Female,1/9/2015 13:20
544,Linda,Jones,Female,12/15/2018 3:51
545,William,Brown,Female,6/11/2015 12:58
546,Jane,Miller,Male,5/6/2017 23:10
547,Linda,Williams,Male,9/29/2021 12:30
548,Jane,Rodriguez,Female,12/18/2018 12:45
549,Michael,Jones,Female,9/29/2021 2:32
550,Michael,Williams,Male,6/27/2019 18:26
551,Sarah,Smith,Female,2/12/2016 12:11
552,Alex,Martinez,Female,9/18/2020 19:22
553,Jessica,Miller,Female,4/11/2019 22:28
554,John,Johnson,Male,10/5/2017 9:30
555,Sarah,Williams,Male,5/23/2015 7:16
556,Emily,Smith,Female,5/11/2018 19:16
557,John,Rodriguez,Female,2/17/2020 16:45
558,Robert,Garcia,Male,10/22/2018 6:34
559,William,Johnson,Male,5/5/2021 22:10
560,Emily,Garcia,Female,4/26/2020 3:49
561,Emily,Rodriguez,Female,4/21/2021 8:13
562,Sarah,Smith,Male,9/10/2022 9:44
563,Alex,Jones,Male,2/8/2015 23:16
564,Sarah,Garcia,Male,9/22/2019 0:02
565,Robert,Johnson,Female,2/11/2019 9:02
566,Linda,Brown,Male,6/30/2019 21:46
567,Linda,Davis,Female,11/6/2021 16:01
568,Alex,Williams,Male,11/14/2020 3:00
569,Robert,Jones,Male,5/10/2015 18:42
570,Alex,Garcia,Male,2/29/2016 13:50
571,Jane,Martinez,Male,9/8/2020 20:02
572,Linda,Williams,Female,10/11/2016 13:28
573,Emily,Brown,Female,10/7/2021 13:34
574,Jessica,Rodriguez,Male,2/4/2019 0:44
575,William,Davis,Female,2/18/2021 13:56
576,Robert,Smith,Male,3/31/2022 10:06
577,John,Brown,Male,10/2/2016 9:43
578,Alex,Brown,Male,8/20/2018 18:51
579,William,Rodriguez,Male,9/5/2019 17:23
580,John,Miller,Female,6/24/2017 9:08
581,William,Rodriguez,Male,6/21/2019 7:49
582,Jessica,Miller,Male,5/19/2017 14:04
583,John,Miller,Female,5/10/2020 15:14
584,Sarah,Jones,Male,11/14/2019 7:08
585,Michael,Jones,Male,9/24/2018 2:34
586,Sarah,Johnson,Male,12/31/2020 10:04
587,Linda,Garcia,Female,1/8/2021 20:07
588,Michael,Garcia,Male,1/27/2022 22:33
589,Sarah,Smith,Female,6/26/2022 13:42
590,Michael,Garcia,Male,2/10/2016 16:56
591,Michael,Jones,Male,2/7/2017 3:47
592,Emily,Johnson,Female,8/5/2022 8:02
593,Alex,Johnson,Male,7/27/2021 4:01
594,Alex,Miller,Male,3/3/2021 0:54
595,Emily,Rodriguez,Female,6/8/2020 9:03
596,William,Smith,Female,10/17/2021 16:22
597,Jane,Miller,Female,11/28/2021 23:09
598,William,Rodriguez,Female,11/18/2015 20:21
599,John,Garcia,Female,8/29/2021 7:20
600,John,Miller,Male,10/9/2017 11:50
601,Michael,Williams,Female,8/3/2017 17:34
602,Sarah,Garcia,Male,4/17/2017 15:30
603,Sarah,Rodriguez,Male,8/16/2021 19:24
604,Alex,Smith,Male,6/26/2020 23:10
605,Robert,Rodriguez,Female,2/11/2022 8:07
606,William,Miller,Female,11/21/2022 15:45
607,Linda,Miller,Male,10/1/2017 2:10
608,Jessica,Brown,Female,7/17/2018 11:55
609,Sarah,Smith,Female,7/23/2018 4:30
610,Jessica,Martinez,Female,6/24/2020 17:20
611,Michael,Garcia,Female,3/12/2017 9:51
612,Jessica,Johnson,Male,11/16/2022 13:50
613,Linda,Smith,Male,6/14/2022 6:46
614,Emily,Johnson,Female,5/17/2022 7:26
615,Linda,Smith,Male,9/8/2019 18:29
616,Jessica,Smith,Female,4/30/2017 7:43
617,Linda,Rodriguez,Female,12/15/2016 2:30
618,Jane,Smith,Male,8/18/2020 10:02
619,Michael,Brown,Male,8/23/2022 19:02
620,William,Martinez,Male,8/18/2016 19:46
621,Emily,Miller,Female,5/29/2017 22:10
622,Sarah,Davis,Male,9/25/2015 15:53
623,John,Johnson,Female,12/22/2017 2:46
624,William,Miller,Male,10/25/2015 21:10
625,John,Davis,Male,3/8/2021 13:35
626,Michael,Martinez,Female,12/14/2020 15:04
627,Emily,Martinez,Female,6/9/2020 2:35
628,Alex,Johnson,Female,6/18/2015 13:02
629,Sarah,Johnson,Female,6/16/2019 1:13
630,Jane,Martinez,Female,6/13/2016 18:02
631,Alex,Davis,Female,2/13/2018 13:55
632,Michael,Smith,Female,10/21/2020 21:07
633,William,Garcia,Female,11/1/2021 19:09
634,Jane,Williams,Male,4/7/2016 9:52
635,Linda,Miller,Female,3/11/2019 5:25
636,Jessica,Rodriguez,Female,12/12/2018 7:36
637,Jane,Miller,Male,12/11/2015 2:01
638,Michael,Rodriguez,Female,11/24/2021 23:44
639,Robert,Davis,Male,12/28/2016 17:54
640,Jessica,Rodriguez,Male,5/25/2018 19:32
641,John,Johnson,Female,2/18/2018 8:54
642,Sarah,Garcia,Male,10/14/2020 10:30
643,John,Garcia,Female,8/24/2020 12:31
644,Jane,Johnson,Male,1/26/2020 7:28
645,John,Brown,Male,3/24/2015 23:47
646,Michael,Davis,Male,2/17/2022 4:03
647,Linda,Brown,Female,5/31/2017 22:29
648,William,Brown,Female,2/15/2020 7:28
649,Sarah,Miller,Male,12/3/2022 3:50
650,John,Martinez,Male,1/8/2019 0:52
651,John,Miller,Female,11/20/2021 6:58
652,Jane,Martinez,Female,1/14/2016 18:16
653,William,Williams,Male,10/29/2015 15:24
654,Alex,Rodriguez,Male,4/15/2017 18:22
655,John,Martinez,Female,6/24/2018 23:49
656,Michael,Johnson,Female,2/26/2017 0:44
657,Robert,Miller,Female,4/2/2019 19:44
658,Sarah,Davis,Female,11/22/2020 13:45
659,John,Rodriguez,Female,9/29/2015 2:24
660,Michael,Williams,Male,5/13/2019 15:18
661,Michael,Martinez,Female,1/9/2016 15:39
662,Sarah,Williams,Male,3/14/2018 15:17
663,Alex,Davis,Female,4/11/2017 23:05
664,Michael,Brown,Male,3/10/2022 17:11
665,Robert,Garcia,Female,3/11/2022 17:35
666,Michael,Davis,Female,8/23/2021 23:02
667,Michael,Jones,Male,4/27/2020 21:59
668,Michael,Davis,Male,7/29/2020 12:22
669,Linda,Williams,Female,11/1/2016 21:41
670,Linda,Johnson,Female,8/5/2017 22:54
671,Alex,Miller,Female,5/5/2022 23:39
672,John,Johnson,Female,10/3/2021 13:43
673,Michael,Williams,Female,12/20/2021 20:37
674,William,Miller,Male,9/30/2015 5:44
675,John,Jones,Male,4/23/2017 10:54
676,Alex,Garcia,Female,4/17/2019 19:48
677,Emily,Rodriguez,Male,8/10/2021 8:15
678,John,Williams,Male,9/11/2018 2:30
679,John,Martinez,Male,2/17/2022 9:58
680,Jessica,Williams,Female,8/27/2021 0:53
681,Jane,Williams,Male,7/29/2015 21:27
682,Jessica,Miller,Female,12/14/2016 20:24
683,Robert,Smith,Male,7/8/2019 11:29
684,Linda,Davis,Female,10/1/2021 3:53
685,Linda,Smith,Male,10/20/2022 22:13
686,Jane,Jones,Female,10/7/2018 16:14
687,Sarah,Martinez,Female,9/14/2019 17:31
688,Sarah,Garcia,Male,8/30/2018 1:52
689,Alex,Brown,Female,12/1/2016 5:36
690,Jane,Jones,Female,3/17/2016 3:38
691,John,Brown,Female,7/29/2021 7:09
692,Sarah,Brown,Female,10/20/2021 23:34
693,Michael,Garcia,Female,10/13/2020 14:50
694,William,Johnson,Female,1/9/2022 1:04
695,John,Smith,Female,8/12/2016 2:21
696,Robert,Williams,Female,9/2/2017 4:36
697,Michael,Rodriguez,Male,12/2/2017 6:04
698,Michael,Brown,Male,5/3/2018 22:05
699,Jane,Martinez,Female,5/25/2022 0:24
700,Alex,Jones,Female,3/17/2021 0:42
701,Robert,Johnson,Male,1/26/2015 21:01
702,Sarah,Brown,Male,12/26/2016 6:06
703,Jane,Johnson,Male,11/10/2018 13:36
704,Sarah,Johnson,Female,1/29/2021 3:03
705,Jane,Brown,Male,7/3/2019 18:01
706,Jane,Miller,Female,4/6/2022 14:56
707,Jane,Davis,Female,3/4/2019 13:54
708,Alex,Martinez,Male,5/6/2016 22:18
709,Jane,Williams,Female,3/28/2019 12:47
710,Emily,Williams,Female,2/4/2022 7:20
711,William,Martinez,Female,4/27/2021 11:17
712,Sarah,Miller,Female,5/8/2021 23:33
713,John,Williams,Male,3/22/2015 9:13
714,Jessica,Johnson,Male,8/27/2016 12:33
715,Robert,Garcia,Female,1/27/2017 14:53
716,Linda,Jones,Female,10/6/2018 14:39
717,Alex,Smith,Male,7/14/2015 1:22
718,John,Williams,Female,3/19/2022 5:50
719,Michael,Martinez,Male,4/5/2017 17:58
720,Emily,Garcia,Female,11/17/2022 5:00
721,Linda,Brown,Female,11/3/2019 7:36
722,Jessica,Davis,Male,5/17/2017 15:20
723,John,Martinez,Male,1/16/2020 15:44
724,Linda,Johnson,Male,10/1/2019 2:14
725,John,Davis,Male,6/5/2016 13:29
726,Emily,Jones,Female,1/26/2022 11:46
727,Jessica,Jones,Male,6/9/2021 17:02
728,Michael,Miller,Female,4/17/2018 18:07
729,Jane,Rodriguez,Male,7/21/2019 23:10
730,Sarah,Miller,Male,1/27/2019 9:08
731,Michael,Garcia,Female,6/26/2022 17:46
732,Jane,Davis,Male,11/30/2016 5:02
733,Alex,Rodriguez,Male,11/16/2018 22:07
734,William,Brown,Male,11/27/2017 5:29
735,Robert,Johnson,Male,2/12/2017 6:55
736,Robert,Davis,Female,3/12/2021 12:58
737,Sarah,Miller,Female,3/11/2015 1:15
738,Jessica,Smith,Male,5/29/2016 14:42
739,Emily,Rodriguez,Male,7/17/2015 3:01
740,Jessica,Rodriguez,Male,12/14/2020 22:55
741,Emily,Johnson,Female,1/22/2015 15:11
742,Jessica,Williams,Female,1/8/2019 14:46
743,William,Jones,Female,3/14/2015 1:45
744,Alex,Jones,Female,5/18/2020 14:38
745,Alex,Smith,Male,11/27/2018 23:51
746,Jane,Garcia,Male,12/20/2020 8:31
747,Linda,Garcia,Male,11/17/2019 11:23
748,Alex,Brown,Female,9/9/2019 8:53
749,Alex,Davis,Male,7/29/2022 15:01
750,Michael,Martinez,Female,2/14/2019 0:15
751,Michael,Williams,Female,2/6/2020 17:50
752,Jane,Miller,Male,1/20/2016 10:40
753,Linda,Martinez,Male,12/14/2015 5:22
754,Sarah,Martinez,Male,11/22/2021 0:47
755,Michael,Rodriguez,Female,11/19/2015 11:58
756,Sarah,Smith,Female,10/17/2017 16:43
757,John,Jones,Male,6/15/2019 0:29
758,Michael,Brown,Male,6/8/2019 11:39
759,William,Garcia,Female,8/12/2015 11:57
760,Linda,Smith,Male,7/29/2020 5:59
761,Jane,Rodriguez,Female,4/14/2016 11:04
762,John,Miller,Female,7/24/2016 3:01
763,Linda,Brown,Male,9/9/2021 15:20
764,William,Rodriguez,Male,3/29/2016 3:11
765,Linda,Jones,Male,4/11/2019 14:19
766,William,Jones,Male,11/13/2022 10:10
767,William,Jones,Female,6/10/2019 8:54
768,Sarah,Smith,Female,2/12/2022 5:07
769,Jessica,Smith,Female,4/19/2019 2:08
770,John,Garcia,Male,11/9/2017 23:23
771,Linda,Garcia,Female,6/17/2022 4:52
772,Emily,Miller,Male,3/22/2021 19:53
773,John,Brown,Male,10/26/2019 23:12
774,Jessica,Johnson,Male,12/14/2015 8:42
775,John,Johnson,Male,1/29/2022 9:12
776,Alex,Rodriguez,Male,6/24/2021 22:17
777,Emily,Jones,Male,3/5/2016 10:48
778,Jessica,Brown,Female,4/15/2016 7:06
779,Sarah,Martinez,Male,7/26/2021 0:34
780,Linda,Smith,Female,7/23/2019 2:30
781,Robert,Davis,Female,7/23/2018 20:45
782,Jessica,Williams,Male,2/17/2021 13:57
783,Jane,Miller,Male,7/20/2017 2:09
784,Linda,Jones,Male,12/31/2022 11:15
785,Jessica,Jones,Female,8/1/2020 12:19
786,Alex,Jones,Male,9/24/2020 14:10
787,Robert,Smith,Female,8/24/2015 15:35
788,Alex,Smith,Male,2/26/2017 5:15
789,Robert,Williams,Male,10/13/2015 20:38
790,Jane,Martinez,Female,7/31/2021 3:52
791,Linda,Brown,Female,3/24/2018 21:49
792,Sarah,Jones,Male,3/11/2016 1:07
793,Alex,Johnson,Female,11/13/2017 10:35
794,Alex,Garcia,Female,10/8/2016 9:06
795,William,Johnson,Female,2/25/2017 13:13
796,Robert,Rodriguez,Female,7/7/2022 21:43
797,Michael,Johnson,Female,3/22/2015 13:39
798,Linda,Rodriguez,Male,8/3/2022 22:18
799,Robert,Davis,Male,9/25/2018 12:03
800,William,Garcia,Female,4/18/2015 8:11
801,John,Johnson,Male,5/1/2021 16:51
802,Robert,Davis,Male,3/21/2017 23:39
803,Sarah,Miller,Female,12/31/2020 11:07
804,Linda,Brown,Male,4/5/2016 23:48
805,William,Davis,Female,11/4/2017 18:50
806,John,Brown,Female,11/23/2019 5:11
807,Emily,Johnson,Male,6/18/2016 15:47
808,William,Martinez,Female,1/14/2020 16:21
809,Emily,Davis,Female,6/22/2016 2:15
810,Linda,Garcia,Female,5/31/2015 22:48
811,Alex,Johnson,Female,2/21/2019 23:41
812,William,Jones,Female,1/16/2021 1:16
813,Jane,Smith,Male,12/20/2017 21:49
814,Emily,Davis,Male,12/25/2022 20:55
815,Sarah,Garcia,Female,3/24/2017 6:11
816,Jane,Miller,Female,6/7/2022 0:22
817,Jessica,Jones,Male,7/6/2017 0:27
818,Jessica,Miller,Female,12/22/2021 19:02
819,John,Johnson,Male,5/9/2015 6:06
820,Alex,Smith,Female,9/13/2015 6:31
821,Linda,Davis,Female,9/2/2019 6:22
822,William,Davis,Female,3/15/2018 15:43
823,Michael,Martinez,Female,11/29/2021 23:39
824,Sarah,Martinez,Female,5/22/2022 10:39
825,Emily,Johnson,Female,8/13/2017 21:17
826,Linda,Johnson,Female,5/16/2018 20:37
827,Jane,Smith,Male,8/3/2021 8:08
828,Jessica,Martinez,Male,5/18/2017 3:08
829,Sarah,Garcia,Male,12/16/2021 5:15
830,Michael,Garcia,Female,5/29/2019 2:03
831,William,Smith,Female,4/4/2022 4:50
832,John,Garcia,Female,10/9/2017 23:58
833,Michael,Rodriguez,Female,8/26/2022 6:51
834,Sarah,Brown,Female,1/9/2019 14:11
835,Michael,Smith,Female,6/24/2022 3:22
836,Sarah,Smith,Female,6/17/2015 1:16
837,Sarah,Williams,Male,7/11/2019 6:48
838,Robert,Jones,Female,8/22/2020 4:28
839,Emily,Jones,Male,9/7/2021 23:01
840,Jessica,Rodriguez,Male,1/31/2020 22:34
841,Robert,Martinez,Female,8/18/2022 0:00
842,William,Johnson,Female,5/5/2015 16:47
843,Robert,Johnson,Male,9/25/2020 3:41
844,Alex,Miller,Male,2/10/2020 20:27
845,Alex,Rodriguez,Female,10/18/2020 3:26
846,Jessica,Smith,Female,3/24/2019 1:38
847,Michael,Rodriguez,Male,1/21/2015 13:29
848,Emily,Rodriguez,Female,4/18/2021 13:36
849,Jessica,Rodriguez,Female,10/25/2020 14:42
850,Sarah,Jones,Female,10/9/2017 23:08
851,Jane,Rodriguez,Male,10/30/2019 2:41
852,Emily,Brown,Male,5/29/2017 19:38
853,Emily,Johnson,Male,9/23/2019 23:13
854,Sarah,Miller,Female,4/7/2018 10:13
855,Sarah,Brown,Female,1/11/2020 4:41
856,John,Miller,Male,4/5/2021 5:06
857,Jessica,Williams,Male,11/18/2017 15:50
858,Sarah,Miller,Male,3/21/2019 1:19
859,Alex,Johnson,Female,1/9/2018 16:14
860,William,Johnson,Male,5/27/2018 2:02
861,Jane,Rodriguez,Male,12/25/2016 5:08
862,Jessica,Davis,Female,4/22/2016 23:42
863,Linda,Williams,Female,6/5/2016 13:04
864,Alex,Smith,Female,8/25/2019 5:04
865,Michael,Garcia,Male,4/8/2021 6:57
866,Sarah,Miller,Female,12/12/2016 0:33
867,Linda,Davis,Female,7/21/2017 12:41
868,Sarah,Rodriguez,Male,9/1/2022 15:40
869,Emily,Jones,Female,2/8/2018 20:58
870,Alex,Smith,Male,2/10/2017 4:07
871,Emily,Martinez,Male,12/11/2019 23:46
872,John,Davis,Female,12/6/2015 17:20
873,Emily,Jones,Female,7/20/2015 20:34
874,John,Williams,Female,11/1/2018 4:51
875,John,Rodriguez,Female,5/26/2016 16:49
876,Linda,Smith,Female,11/3/2022 15:14
877,Sarah,Smith,Female,10/24/2018 4:39
878,Michael,Smith,Male,12/18/2019 3:49
879,Emily,Williams,Male,6/29/2016 15:06
880,Alex,Miller,Female,2/20/2015 2:16
881,John,Martinez,Male,11/24/2016 16:07
882,Sarah,Williams,Female,6/22/2018 5:39
883,Jane,Garcia,Male,5/15/2022 16:41
884,Jessica,Martinez,Male,5/6/2022 16:06
885,Linda,Johnson,Male,5/13/2020 19:42
886,Michael,Rodriguez,Female,1/12/2015 12:29
887,Robert,Williams,Male,10/13/2017 2:48
888,Linda,Jones,Female,3/28/2015 14:55
889,Jane,Martinez,Male,4/13/2016 14:58
890,Jessica,Garcia,Male,3/4/2020 16:15
891,Jane,Johnson,Male,1/3/2020 0:58
892,Emily,Miller,Male,1/22/2021 17:52
893,John,Jones,Male,9/29/2018 13:44
894,Michael,Martinez,Female,2/5/2018 9:43
895,William,Rodriguez,Female,10/2/2015 14:45
896,John,Jones,Male,5/19/2022 4:09
897,William,Johnson,Male,2/11/2021 19:28
898,Jessica,Jones,Male,7/16/2016 4:17
899,Sarah,Brown,Male,2/11/2022 20:46
900,Robert,Davis,Female,9/25/2016 7:06
901,Alex,Miller,Male,10/31/2022 1:47
902,John,Johnson,Female,9/19/2017 1:10
903,Michael,Jones,Male,6/1/2018 16:57
904,Jane,Davis,Female,6/7/2015 2:26
905,Michael,Davis,Male,8/23/2021 5:34
906,Jessica,Jones,Male,6/25/2022 14:47
907,William,Rodriguez,Female,12/6/2019 18:43
908,Jane,Brown,Male,4/12/2020 17:51
909,Alex,Williams,Male,10/1/2016 9:55
910,Alex,Brown,Male,9/5/2016 9:04
911,John,Jones,Female,4/25/2016 16:29
912,Jessica,Miller,Male,4/11/2021 14:25
913,Sarah,Williams,Male,6/3/2020 20:34
914,Jessica,Johnson,Female,9/6/2017 1:31
915,William,Brown,Female,8/4/2021 17:07
916,Michael,Jones,Female,10/9/2020 21:48
917,Alex,Brown,Male,11/9/2021 23:04
918,Michael,Williams,Male,12/9/2019 23:59
919,Michael,Garcia,Male,8/15/2015 3:20
920,Michael,Martinez,Female,12/19/2020 14:47
921,Alex,Brown,Male,4/9/2018 13:35
922,Linda,Johnson,Male,9/11/2022 0:15
923,Emily,Johnson,Female,3/7/2016 15:26
924,William,Smith,Female,9/19/2017 1:58
925,Linda,Brown,Female,7/10/2018 15:39
926,William,Martinez,Female,11/30/2015 1:03
927,Jane,Rodriguez,Female,10/21/2021 22:05
928,Jessica,Davis,Male,10/12/2019 21:55
929,Jessica,Martinez,Female,1/2/2015 22:16
930,Robert,Davis,Male,7/29/2022 3:36
931,Jessica,Davis,Male,7/15/2018 10:23
932,Alex,Garcia,Female,3/11/2015 10:32
933,Sarah,Smith,Female,10/23/2017 4:02
934,John,Martinez,Female,8/28/2022 18:18
935,Robert,Martinez,Male,10/24/2015 12:39
936,John,Garcia,Female,2/28/2022 14:50
937,William,Brown,Female,6/5/2019 23:33
938,John,Brown,Female,11/19/2022 6:34
939,John,Brown,Female,6/29/2020 20:35
940,Robert,Miller,Female,1/1/2017 20:03
941,Jane,Davis,Male,7/16/2019 14:00
942,Michael,Miller,Male,1/23/2022 10:25
943,Jessica,Smith,Male,3/9/2017 19:51
944,Jessica,Garcia,Female,7/2/2020 5:37
945,Alex,Martinez,Female,1/29/2022 2:27
946,Robert,Davis,Female,2/1/2020 9:29
947,Alex,Miller,Male,1/21/2018 4:59
948,Sarah,Miller,Female,1/12/2022 11:27
949,Sarah,Jones,Female,6/17/2015 1:28
950,Alex,Miller,Female,8/18/2015 2:58
951,Robert,Rodriguez,Male,8/13/2017 6:59
952,Alex,Martinez,Female,1/20/2020 3:16
953,Jessica,Rodriguez,Male,11/23/2015 18:13
954,Linda,Martinez,Female,2/3/2019 21:12
955,Emily,Garcia,Male,7/2/2019 12:05
956,John,Martinez,Male,2/14/2020 14:47
957,Emily,Rodriguez,Male,8/20/2015 19:15
958,Robert,Martinez,Female,5/24/2020 2:48
959,Emily,Garcia,Female,8/8/2018 7:39
960,Sarah,Garcia,Male,9/26/2015 11:56
961,William,Smith,Male,8/5/2021 7:14
962,John,Martinez,Female,12/28/2019 15:36
963,Michael,Jones,Female,5/16/2016 9:04
964,Robert,Brown,Male,12/14/2016 23:43
965,John,Johnson,Female,7/30/2021 20:55
966,Emily,Garcia,Female,4/29/2015 23:53
967,Sarah,Williams,Female,10/25/2017 18:59
968,Jane,Brown,Female,12/24/2020 13:06
969,Linda,Davis,Male,11/6/2017 19:34
970,Michael,Martinez,Female,1/5/2016 13:39
971,Linda,Rodriguez,Female,4/26/2019 22:39
972,John,Johnson,Male,2/26/2015 11:16
973,Sarah,Williams,Male,11/17/2015 16:31
974,Sarah,Brown,Female,12/26/2017 19:15
975,Emily,Martinez,Female,1/9/2022 3:13
976,Jessica,Smith,Female,12/20/2017 0:14
977,Emily,Davis,Female,1/6/2020 13:53
978,Jessica,Johnson,Male,4/2/2020 19:32
979,Jessica,Jones,Male,12/10/2019 16:27
980,Michael,Smith,Male,10/10/2020 8:23
981,Emily,Williams,Female,4/23/2019 1:58
982,Jane,Johnson,Female,11/11/2016 15:42
983,Alex,Smith,Female,1/4/2018 8:27
984,Alex,Davis,Female,8/4/2019 5:55
985,Emily,Jones,Male,8/9/2018 5:06
986,Emily,Smith,Male,5/27/2015 15:02
987,Linda,Miller,Female,6/28/2018 10:17
988,Michael,Jones,Male,3/23/2022 14:28
989,Emily,Williams,Female,1/25/2015 19:01
990,Linda,Davis,Female,9/15/2018 9:59
991,Jessica,Martinez,Male,2/10/2015 8:37
992,Sarah,Rodriguez,Female,5/25/2021 19:16
993,Sarah,Rodriguez,Female,2/4/2022 2:17
994,Jessica,Rodriguez,Male,10/29/2018 16:04
995,Robert,Johnson,Female,10/23/2015 10:34
996,Linda,Williams,Female,5/21/2019 1:57
997,Linda,Davis,Male,7/1/2016 11:00
998,Jessica,Jones,Female,3/22/2018 1:37
999,Jane,Johnson,Male,3/1/2020 10:51
1000,William,Williams,Female,3/17/2019 1:44
