customer_id,address,city,state,zip_code
1,8465 Main St,San Antonio,CA,35566
2,305 Main St,New York,AZ,23187
3,5725 Oak St,Chicago,AZ,99188
4,8468 Oak St,Los Angeles,TX,77421
5,2820 Maple St,Chicago,TX,36281
6,4537 Main St,Chicago,CA,90264
7,5773 Maple St,Phoenix,NY,52732
8,6277 Pine St,Chicago,NY,74294
9,4148 Oak St,Chicago,PA,81465
10,5143 Oak St,Houston,IL,44666
11,2137 Pine St,Los Angeles,PA,57118
12,4838 Pine St,Houston,PA,71718
13,8291 Elm St,Houston,NY,66190
14,9794 Oak St,New York,TX,78554
15,9298 Oak St,Houston,AZ,86790
16,3846 Oak St,Phoenix,TX,31105
17,203 Oak St,Phoenix,AZ,44847
18,9426 Oak St,San Antonio,AZ,48621
19,1750 Pine St,New York,CA,62724
20,3903 Elm St,San Antonio,NY,79867
21,6595 Elm St,San Antonio,TX,44783
22,2072 Maple St,Philadelphia,TX,84655
23,2511 Elm St,Los Angeles,CA,70193
24,3505 Maple St,Los Angeles,IL,60473
25,5392 Pine St,Houston,TX,77007
26,1293 Oak St,Houston,PA,93966
27,5463 Elm St,Philadelphia,TX,55641
28,9451 Oak St,Houston,TX,17820
29,5906 Pine St,Los Angeles,AZ,87029
30,1606 Elm St,San Antonio,TX,76406
31,2113 Pine St,Chicago,PA,74962
32,3981 Maple St,Phoenix,PA,60510
33,5863 Pine St,Chicago,NY,64309
34,5623 Maple St,Chicago,TX,56547
35,8935 Elm St,Los Angeles,AZ,44240
36,1324 Elm St,Chicago,TX,91132
37,5085 Pine St,Philadelphia,IL,70488
38,1582 Pine St,New York,IL,22901
39,933 Pine St,Houston,AZ,99969
40,5007 Elm St,New York,NY,48570
41,9904 Oak St,San Antonio,NY,90427
42,3201 Elm St,Phoenix,PA,17883
43,4339 Main St,Houston,PA,90946
44,820 Maple St,Chicago,CA,80497
45,7429 Oak St,Phoenix,AZ,39672
46,2999 Elm St,Houston,TX,16480
47,4066 Elm St,Philadelphia,TX,50312
48,7888 Elm St,Philadelphia,AZ,92898
49,1168 Pine St,Philadelphia,CA,43742
50,2542 Pine St,Philadelphia,PA,81371
51,9972 Main St,Chicago,AZ,87269
52,1885 Elm St,New York,AZ,65399
53,5680 Elm St,Houston,PA,40803
54,5913 Pine St,Chicago,CA,39235
55,6330 Maple St,Philadelphia,PA,60640
56,3218 Maple St,San Antonio,NY,80665
57,5681 Pine St,New York,TX,88194
58,9422 Oak St,San Antonio,PA,87326
59,185 Pine St,Phoenix,CA,24559
60,7346 Main St,San Antonio,IL,47589
61,8030 Main St,Phoenix,NY,83248
62,6069 Oak St,Phoenix,IL,45381
63,7343 Oak St,Philadelphia,TX,25116
64,4797 Maple St,Phoenix,PA,31985
65,8873 Elm St,Los Angeles,NY,50047
66,8530 Main St,Houston,TX,12248
67,1625 Maple St,Houston,PA,34004
68,6423 Main St,Philadelphia,TX,93329
69,1570 Oak St,Los Angeles,AZ,79514
70,5787 Elm St,San Antonio,IL,79390
71,1269 Main St,Chicago,NY,49710
72,8146 Pine St,San Antonio,TX,34254
73,5032 Elm St,Chicago,CA,16601
74,1407 Main St,Phoenix,TX,33616
75,9780 Maple St,New York,CA,37805
76,2114 Main St,Chicago,PA,19479
77,7014 Oak St,New York,NY,47117
78,8937 Maple St,Houston,TX,48373
79,2997 Pine St,New York,TX,24318
80,2315 Oak St,Houston,TX,85427
81,5128 Main St,Los Angeles,TX,68670
82,2747 Pine St,Los Angeles,NY,46120
83,4834 Elm St,Philadelphia,TX,74032
84,3391 Maple St,Philadelphia,CA,96211
85,5161 Main St,Phoenix,TX,17976
86,1899 Pine St,Chicago,IL,52856
87,7255 Oak St,Phoenix,PA,37730
88,1075 Oak St,Houston,AZ,54416
89,832 Pine St,Phoenix,CA,82876
90,570 Elm St,New York,IL,67009
91,45 Oak St,Houston,TX,46125
92,7775 Oak St,Philadelphia,PA,58408
93,1166 Oak St,Los Angeles,NY,53266
94,7925 Maple St,Philadelphia,CA,40031
95,9436 Main St,Chicago,AZ,53958
96,3434 Main St,Houston,PA,35737
97,1264 Main St,Houston,TX,72684
98,7081 Main St,New York,AZ,34145
99,3887 Maple St,Chicago,NY,44029
100,956 Elm St,Los Angeles,NY,41002
101,7785 Main St,San Antonio,TX,91305
102,2888 Main St,Houston,CA,29395
103,407 Main St,Houston,TX,47496
104,345 Elm St,New York,TX,94409
105,835 Main St,Phoenix,NY,86057
106,9064 Maple St,Los Angeles,PA,57745
107,6951 Main St,Philadelphia,TX,50990
108,6904 Elm St,Chicago,IL,35575
109,7621 Maple St,Houston,AZ,98985
110,2317 Maple St,Houston,TX,44044
111,3795 Pine St,Philadelphia,AZ,39518
112,5359 Pine St,Los Angeles,TX,14984
113,238 Maple St,Phoenix,TX,13390
114,5485 Pine St,Houston,TX,21616
115,3682 Oak St,Los Angeles,IL,22816
116,869 Main St,Philadelphia,NY,19619
117,3911 Maple St,New York,IL,89218
118,2654 Maple St,Phoenix,NY,34986
119,5793 Pine St,Chicago,TX,25853
120,8544 Maple St,Houston,NY,38467
121,8451 Pine St,Los Angeles,AZ,13899
122,9812 Elm St,New York,PA,58801
123,6498 Pine St,Chicago,IL,55757
124,4924 Pine St,San Antonio,TX,21319
125,3068 Pine St,Los Angeles,IL,82497
126,9579 Oak St,Los Angeles,AZ,79834
127,9676 Pine St,Chicago,NY,62067
128,2379 Elm St,New York,AZ,99264
129,6124 Pine St,San Antonio,CA,23409
130,3994 Maple St,Philadelphia,CA,94072
131,3858 Elm St,New York,TX,74924
132,6924 Oak St,Phoenix,AZ,95036
133,5180 Main St,Houston,TX,20241
134,7825 Elm St,Chicago,TX,89290
135,5282 Pine St,Philadelphia,TX,71783
136,9322 Pine St,San Antonio,TX,82175
137,4261 Main St,Chicago,CA,35203
138,8851 Pine St,Chicago,TX,35074
139,6765 Elm St,New York,CA,83057
140,9111 Maple St,Houston,NY,62884
141,1461 Elm St,Phoenix,TX,12987
142,6277 Main St,Los Angeles,AZ,20276
143,9468 Pine St,Los Angeles,TX,16922
144,6873 Main St,Chicago,CA,94062
145,8587 Oak St,Houston,IL,62566
146,2926 Maple St,San Antonio,TX,26412
147,6174 Maple St,San Antonio,TX,36974
148,809 Maple St,Philadelphia,PA,90608
149,5020 Oak St,New York,NY,79297
150,8622 Main St,Houston,NY,40012
151,4809 Oak St,Houston,IL,17981
152,8989 Oak St,New York,CA,56668
153,5356 Main St,San Antonio,TX,85213
154,1419 Maple St,San Antonio,TX,68986
155,4707 Maple St,San Antonio,CA,69937
156,6818 Elm St,Chicago,NY,80389
157,1489 Maple St,Houston,CA,62359
158,5348 Main St,Los Angeles,NY,32342
159,8340 Pine St,New York,CA,43942
160,3490 Main St,San Antonio,IL,77093
161,8169 Main St,Philadelphia,AZ,89444
162,8690 Oak St,San Antonio,IL,63230
163,1356 Main St,San Antonio,IL,79092
164,9435 Pine St,Phoenix,AZ,77343
165,8405 Elm St,Chicago,AZ,14284
166,7160 Maple St,New York,TX,63996
167,1140 Oak St,Phoenix,TX,96057
168,6573 Elm St,Phoenix,TX,23405
169,9657 Oak St,Philadelphia,TX,41058
170,1180 Main St,Houston,IL,67754
171,9331 Maple St,Philadelphia,IL,62584
172,2911 Oak St,Houston,NY,71803
173,626 Main St,Houston,NY,90735
174,7009 Maple St,New York,TX,99197
175,4640 Oak St,San Antonio,TX,79817
176,2531 Oak St,New York,PA,10074
177,6283 Oak St,Chicago,PA,13888
178,9214 Maple St,Houston,TX,14209
179,7353 Main St,Phoenix,NY,86904
180,8884 Elm St,San Antonio,TX,34943
181,8206 Pine St,Los Angeles,TX,69399
182,909 Main St,Chicago,NY,69672
183,6654 Maple St,New York,PA,12069
184,2424 Maple St,Philadelphia,CA,35982
185,92 Oak St,Chicago,CA,33411
186,4826 Pine St,Chicago,NY,77047
187,6921 Maple St,San Antonio,CA,87642
188,8893 Pine St,Chicago,AZ,43838
189,1779 Oak St,Chicago,TX,33404
190,5332 Maple St,Los Angeles,TX,77716
191,7747 Main St,Philadelphia,NY,27377
192,234 Maple St,Philadelphia,IL,29474
193,7572 Maple St,Philadelphia,PA,32132
194,2732 Elm St,Houston,NY,45147
195,3764 Maple St,Phoenix,CA,82118
196,775 Oak St,Philadelphia,PA,29451
197,5527 Oak St,Chicago,IL,56182
198,4940 Pine St,Chicago,CA,48754
199,599 Oak St,Philadelphia,TX,63695
200,8826 Main St,San Antonio,AZ,14881
201,6067 Maple St,Philadelphia,CA,80507
202,7026 Oak St,Chicago,AZ,41722
203,693 Pine St,Houston,PA,59898
204,2315 Oak St,New York,AZ,12534
205,1882 Pine St,New York,PA,44256
206,7558 Pine St,Philadelphia,PA,88008
207,4942 Main St,Los Angeles,PA,15235
208,9995 Elm St,Philadelphia,PA,76613
209,9525 Elm St,San Antonio,PA,17657
210,6047 Maple St,Philadelphia,CA,50748
211,8549 Elm St,New York,PA,59505
212,143 Pine St,Chicago,CA,27848
213,806 Maple St,Philadelphia,PA,33974
214,9416 Pine St,Chicago,AZ,44111
215,3773 Elm St,Chicago,TX,62971
216,2736 Elm St,Los Angeles,PA,61544
217,8596 Maple St,Chicago,IL,69785
218,8062 Pine St,New York,PA,26263
219,2691 Maple St,Houston,PA,83719
220,4713 Maple St,Houston,AZ,36815
221,8044 Oak St,Phoenix,TX,55956
222,7149 Oak St,San Antonio,AZ,63392
223,8169 Elm St,Philadelphia,IL,52266
224,9421 Oak St,San Antonio,TX,88850
225,6803 Elm St,New York,NY,45357
226,2545 Oak St,Chicago,NY,69775
227,4035 Main St,Houston,IL,73489
228,1337 Elm St,San Antonio,AZ,69821
229,7616 Elm St,New York,CA,87470
230,2700 Elm St,Houston,IL,68575
231,8855 Elm St,Chicago,TX,15208
232,7965 Maple St,San Antonio,TX,20019
233,3400 Elm St,Houston,TX,10299
234,718 Main St,Philadelphia,PA,48158
235,9039 Oak St,Philadelphia,NY,62691
236,7301 Maple St,Phoenix,TX,78590
237,8146 Maple St,Phoenix,IL,12319
238,8423 Oak St,Houston,TX,72400
239,9394 Pine St,New York,IL,79332
240,3116 Maple St,Philadelphia,CA,96659
241,6704 Maple St,New York,PA,45353
242,267 Pine St,New York,NY,24542
243,150 Oak St,Houston,TX,19115
244,6559 Maple St,New York,IL,99317
245,8116 Elm St,Philadelphia,AZ,95851
246,7042 Pine St,Chicago,NY,93139
247,1362 Oak St,Phoenix,CA,40868
248,9115 Maple St,Chicago,IL,42268
249,2248 Main St,New York,TX,75270
250,8838 Elm St,Chicago,TX,28220
251,3883 Maple St,Philadelphia,PA,57073
252,3440 Oak St,Philadelphia,PA,98045
253,402 Maple St,New York,CA,13773
254,2767 Oak St,Houston,CA,57188
255,3378 Elm St,Chicago,PA,48844
256,7725 Oak St,Houston,TX,31856
257,7746 Maple St,Houston,TX,31575
258,4160 Maple St,Los Angeles,IL,41072
259,231 Main St,New York,AZ,58643
260,2540 Main St,Phoenix,IL,62410
261,6122 Elm St,Philadelphia,AZ,80350
262,6659 Main St,Philadelphia,CA,28557
263,138 Main St,New York,NY,92136
264,4675 Main St,San Antonio,IL,64918
265,5066 Oak St,San Antonio,IL,11066
266,8705 Oak St,San Antonio,AZ,78126
267,6112 Maple St,Phoenix,CA,55279
268,5680 Pine St,Philadelphia,CA,78778
269,2301 Elm St,New York,TX,77137
270,5186 Elm St,Philadelphia,AZ,88817
271,1405 Main St,Houston,CA,46598
272,3903 Pine St,Chicago,PA,11133
273,5076 Maple St,Chicago,TX,19504
274,2194 Maple St,Philadelphia,TX,35323
275,4150 Maple St,Los Angeles,PA,64029
276,7898 Main St,Phoenix,NY,96017
277,3496 Maple St,San Antonio,IL,60827
278,6233 Maple St,Phoenix,TX,45264
279,6179 Elm St,Phoenix,NY,96712
280,3967 Pine St,Houston,IL,89460
281,2736 Main St,Phoenix,TX,26010
282,7311 Elm St,Chicago,CA,86065
283,2026 Pine St,Houston,PA,10566
284,1666 Pine St,New York,AZ,90062
285,7568 Elm St,Phoenix,PA,92758
286,8936 Main St,Phoenix,TX,29775
287,2112 Elm St,New York,NY,39273
288,9482 Elm St,Phoenix,AZ,73492
289,3080 Maple St,New York,CA,36474
290,344 Main St,Houston,TX,58787
291,9364 Maple St,Chicago,AZ,22421
292,2928 Elm St,New York,TX,62957
293,7363 Main St,Los Angeles,TX,15184
294,7758 Pine St,New York,CA,61676
295,4869 Oak St,Phoenix,TX,75739
296,5995 Maple St,San Antonio,IL,60123
297,5417 Maple St,San Antonio,AZ,68154
298,2614 Maple St,Houston,CA,12401
299,7728 Oak St,Philadelphia,TX,84080
300,4060 Oak St,Houston,CA,34761
301,7018 Maple St,Philadelphia,TX,52046
302,9611 Oak St,San Antonio,IL,14516
303,5258 Main St,San Antonio,PA,79184
304,3187 Elm St,New York,AZ,47517
305,4827 Main St,Chicago,IL,51800
306,2498 Main St,Los Angeles,NY,69262
307,4685 Elm St,Houston,AZ,58253
308,1055 Pine St,Phoenix,IL,20375
309,6416 Main St,Philadelphia,TX,33713
310,1002 Oak St,Phoenix,AZ,41170
311,7621 Oak St,Chicago,AZ,90343
312,9920 Oak St,Philadelphia,CA,23256
313,1329 Maple St,Houston,TX,98056
314,9216 Maple St,New York,NY,22466
315,5926 Oak St,Phoenix,PA,23759
316,9266 Maple St,Chicago,TX,68601
317,3562 Oak St,Houston,IL,79550
318,409 Main St,San Antonio,CA,52722
319,1717 Maple St,San Antonio,IL,36252
320,285 Elm St,Houston,NY,70570
321,462 Pine St,Houston,NY,44448
322,4157 Oak St,Houston,AZ,82357
323,8514 Elm St,Philadelphia,TX,54517
324,1744 Oak St,Houston,NY,59037
325,5634 Maple St,Phoenix,IL,67240
326,1319 Oak St,Chicago,TX,21021
327,2377 Pine St,Philadelphia,TX,39149
328,7246 Elm St,Houston,AZ,66734
329,220 Pine St,Los Angeles,PA,62886
330,2434 Main St,Los Angeles,IL,88084
331,4956 Maple St,Chicago,IL,48833
332,1155 Maple St,San Antonio,NY,78619
333,372 Pine St,New York,TX,79224
334,6701 Main St,New York,IL,76045
335,316 Pine St,San Antonio,CA,24568
336,802 Main St,Philadelphia,PA,70273
337,1389 Pine St,Philadelphia,NY,25773
338,4947 Maple St,Philadelphia,CA,76291
339,5892 Pine St,New York,AZ,78389
340,8899 Maple St,Los Angeles,TX,68215
341,794 Pine St,New York,AZ,57316
342,8382 Main St,Phoenix,TX,32052
343,5299 Elm St,Houston,AZ,31297
344,6181 Elm St,Philadelphia,IL,37528
345,8894 Pine St,Los Angeles,CA,32671
346,8076 Main St,Chicago,TX,53454
347,6465 Pine St,Chicago,NY,41511
348,7024 Elm St,Houston,CA,11659
349,1676 Oak St,Los Angeles,NY,66909
350,4539 Elm St,New York,CA,99404
351,3351 Oak St,New York,CA,71500
352,173 Main St,Phoenix,AZ,78824
353,8782 Pine St,Phoenix,TX,37228
354,1911 Oak St,New York,TX,69661
355,1225 Pine St,Chicago,TX,38670
356,2218 Pine St,Philadelphia,CA,98334
357,6052 Elm St,Chicago,IL,56880
358,3464 Main St,Phoenix,IL,52132
359,5092 Maple St,Houston,NY,12085
360,6681 Oak St,New York,NY,56913
361,6645 Maple St,Phoenix,AZ,86040
362,5061 Main St,Phoenix,CA,50522
363,1298 Main St,Philadelphia,NY,56316
364,8165 Elm St,New York,NY,89604
365,1790 Pine St,Philadelphia,PA,27138
366,8897 Pine St,New York,CA,35082
367,6410 Oak St,Philadelphia,AZ,25263
368,4536 Pine St,Chicago,NY,73927
369,1206 Main St,Houston,AZ,43325
370,4763 Main St,Houston,TX,64200
371,9264 Oak St,New York,AZ,37421
372,2241 Maple St,Los Angeles,IL,60913
373,1002 Oak St,San Antonio,IL,29859
374,5845 Main St,Phoenix,AZ,83467
375,3580 Maple St,Phoenix,IL,73172
376,1280 Pine St,New York,TX,86335
377,9779 Main St,Philadelphia,CA,51623
378,4261 Pine St,Los Angeles,IL,13298
379,6806 Elm St,Chicago,IL,15202
380,1892 Oak St,Philadelphia,AZ,58673
381,4422 Elm St,Philadelphia,TX,38774
382,4742 Oak St,New York,TX,52046
383,4046 Maple St,New York,TX,76512
384,2405 Maple St,Phoenix,TX,88642
385,8475 Main St,New York,TX,10413
386,6542 Elm St,New York,CA,85403
387,3422 Main St,New York,AZ,37911
388,5474 Pine St,Phoenix,AZ,11396
389,4398 Oak St,Chicago,PA,47066
390,4077 Pine St,Chicago,TX,69781
391,1795 Elm St,San Antonio,TX,99021
392,8374 Pine St,San Antonio,CA,95424
393,2695 Elm St,New York,TX,76555
394,7268 Maple St,San Antonio,TX,96147
395,6013 Elm St,Phoenix,CA,45471
396,9484 Maple St,Chicago,TX,85214
397,5878 Main St,Philadelphia,AZ,81312
398,8032 Oak St,Chicago,AZ,78691
399,4395 Elm St,Chicago,NY,30715
400,3438 Oak St,Phoenix,IL,84839
401,3041 Maple St,San Antonio,TX,37773
402,3453 Oak St,Philadelphia,PA,20507
403,2479 Oak St,Phoenix,TX,19425
404,3491 Pine St,New York,PA,95410
405,8978 Main St,Houston,NY,14304
406,1884 Maple St,Chicago,IL,75246
407,8347 Pine St,Houston,TX,25125
408,5534 Oak St,Phoenix,CA,67693
409,2615 Elm St,Phoenix,TX,79970
410,7173 Oak St,Phoenix,IL,15830
411,5603 Oak St,Houston,AZ,92309
412,136 Maple St,Phoenix,NY,50141
413,8018 Pine St,New York,IL,16096
414,8178 Maple St,Phoenix,TX,98467
415,7029 Elm St,Los Angeles,IL,27905
416,2451 Oak St,San Antonio,TX,49688
417,8414 Elm St,Houston,AZ,75870
418,159 Elm St,Los Angeles,TX,29129
419,4844 Elm St,Phoenix,CA,49128
420,5977 Pine St,New York,AZ,96851
421,4952 Oak St,Chicago,CA,65802
422,2796 Pine St,Philadelphia,TX,97398
423,8679 Elm St,San Antonio,IL,26511
424,5284 Oak St,Philadelphia,CA,76789
425,8628 Maple St,Phoenix,NY,48551
426,4425 Pine St,San Antonio,NY,38444
427,5439 Oak St,San Antonio,TX,37436
428,7881 Oak St,New York,AZ,52222
429,5196 Main St,San Antonio,TX,86034
430,580 Maple St,Houston,TX,89290
431,2383 Main St,Los Angeles,AZ,78939
432,4085 Pine St,Los Angeles,AZ,21491
433,8424 Maple St,Los Angeles,TX,95942
434,6963 Main St,Houston,PA,78273
435,3177 Pine St,Philadelphia,AZ,73708
436,7116 Elm St,New York,PA,75426
437,4199 Maple St,San Antonio,NY,94179
438,9247 Pine St,Houston,NY,35105
439,3970 Elm St,Los Angeles,AZ,82094
440,4990 Maple St,Phoenix,NY,85747
441,4167 Maple St,Chicago,TX,48891
442,4242 Main St,San Antonio,PA,85335
443,7621 Maple St,Houston,PA,10704
444,9393 Elm St,Houston,AZ,61626
445,3263 Maple St,New York,NY,95940
446,9145 Pine St,New York,CA,17268
447,333 Oak St,Houston,TX,62276
448,7783 Oak St,Los Angeles,TX,27230
449,7961 Maple St,Chicago,PA,15127
450,1704 Main St,San Antonio,AZ,67578
451,8590 Main St,New York,AZ,43473
452,6127 Oak St,San Antonio,TX,91408
453,3423 Main St,Los Angeles,IL,49158
454,7210 Pine St,San Antonio,IL,88443
455,904 Main St,Phoenix,PA,41709
456,113 Oak St,New York,TX,42079
457,4311 Main St,Los Angeles,TX,93060
458,8190 Oak St,Los Angeles,TX,42929
459,3706 Elm St,Chicago,TX,74727
460,1685 Main St,Chicago,PA,89184
461,1897 Oak St,Phoenix,IL,38967
462,3582 Maple St,Los Angeles,TX,61690
463,6450 Maple St,Philadelphia,TX,48276
464,4817 Pine St,Los Angeles,TX,60621
465,5210 Pine St,Chicago,NY,91892
466,2681 Pine St,Philadelphia,AZ,15988
467,5716 Main St,New York,AZ,35291
468,7779 Main St,New York,TX,23990
469,3050 Oak St,San Antonio,CA,64239
470,3614 Main St,Houston,CA,66602
471,1272 Elm St,Chicago,PA,62400
472,4450 Pine St,Houston,PA,49361
473,7953 Main St,Philadelphia,AZ,18193
474,5961 Maple St,Chicago,NY,41402
475,8207 Maple St,Phoenix,IL,96630
476,485 Main St,Los Angeles,IL,98761
477,9703 Main St,Phoenix,PA,26487
478,4969 Pine St,Philadelphia,NY,15413
479,1724 Pine St,Chicago,PA,85716
480,2538 Pine St,Philadelphia,IL,85748
481,1993 Pine St,Los Angeles,TX,88800
482,8123 Oak St,New York,PA,93243
483,902 Pine St,New York,TX,11267
484,4331 Oak St,Philadelphia,TX,82540
485,4808 Main St,Houston,PA,23638
486,6949 Main St,Chicago,AZ,27051
487,1803 Oak St,Chicago,PA,22145
488,3740 Main St,New York,AZ,10141
489,7821 Pine St,San Antonio,NY,29765
490,8639 Pine St,Phoenix,IL,64584
491,241 Elm St,San Antonio,TX,64591
492,5855 Elm St,Los Angeles,TX,42102
493,571 Maple St,Phoenix,CA,59745
494,8854 Pine St,Phoenix,CA,12347
495,7257 Elm St,Philadelphia,IL,32687
496,5201 Elm St,New York,CA,15628
497,3501 Main St,San Antonio,TX,88177
498,3536 Oak St,San Antonio,PA,64357
499,6570 Maple St,New York,NY,19073
500,283 Oak St,San Antonio,NY,83685
501,9293 Main St,New York,IL,55117
502,3975 Main St,Philadelphia,CA,37152
503,9832 Maple St,Houston,PA,47072
504,7272 Pine St,Phoenix,NY,15523
505,8519 Pine St,Philadelphia,NY,48205
506,1213 Pine St,Chicago,TX,34096
507,2036 Maple St,Los Angeles,TX,33719
508,7222 Pine St,Houston,TX,35763
509,2575 Main St,Chicago,NY,85776
510,2946 Oak St,Phoenix,IL,42067
511,8233 Oak St,San Antonio,AZ,91394
512,1933 Oak St,New York,AZ,33080
513,9401 Pine St,Phoenix,PA,47729
514,8279 Main St,Philadelphia,NY,25710
515,908 Main St,Los Angeles,NY,14886
516,1108 Elm St,Philadelphia,TX,11895
517,7415 Elm St,Houston,NY,19388
518,6238 Pine St,Houston,IL,48577
519,6333 Maple St,Los Angeles,TX,93589
520,3069 Main St,Chicago,NY,90713
521,6801 Main St,Chicago,NY,87576
522,8771 Maple St,Houston,TX,26328
523,3520 Oak St,Houston,CA,98465
524,6084 Pine St,San Antonio,TX,14011
525,2349 Oak St,New York,TX,85169
526,9423 Maple St,San Antonio,IL,82144
527,7998 Oak St,San Antonio,PA,57707
528,3173 Oak St,Chicago,NY,67967
529,7329 Pine St,Los Angeles,TX,60088
530,2527 Pine St,Chicago,TX,92064
531,1817 Oak St,New York,CA,97562
532,7678 Maple St,Philadelphia,TX,35211
533,5642 Pine St,Houston,AZ,19688
534,586 Elm St,Houston,PA,96413
535,3632 Oak St,New York,NY,25217
536,73 Main St,San Antonio,NY,62222
537,4899 Main St,Los Angeles,CA,35107
538,9069 Maple St,Houston,IL,52764
539,2219 Maple St,Phoenix,NY,93774
540,6659 Elm St,San Antonio,AZ,18592
541,2691 Main St,Houston,NY,86549
542,5996 Oak St,Phoenix,AZ,12151
543,6733 Oak St,New York,PA,93557
544,7167 Main St,New York,PA,28699
545,7807 Maple St,San Antonio,TX,35594
546,9802 Maple St,Houston,TX,54006
547,3068 Oak St,Chicago,AZ,53688
548,1478 Maple St,Phoenix,IL,63796
549,5089 Main St,Los Angeles,NY,72732
550,5927 Pine St,Houston,TX,95367
551,3696 Elm St,Los Angeles,NY,15140
552,656 Oak St,Houston,TX,91110
553,8497 Main St,Chicago,TX,58707
554,118 Elm St,Chicago,AZ,27646
555,7478 Pine St,San Antonio,TX,71803
556,8194 Maple St,San Antonio,NY,98102
557,3848 Elm St,Chicago,NY,83396
558,4478 Oak St,Philadelphia,IL,16968
559,905 Oak St,Chicago,CA,79100
560,259 Pine St,New York,TX,57764
561,9471 Pine St,New York,TX,96268
562,5082 Pine St,Philadelphia,TX,71943
563,126 Elm St,Phoenix,CA,48881
564,2495 Maple St,Los Angeles,NY,69848
565,9624 Oak St,Houston,IL,32191
566,6362 Maple St,Houston,IL,63725
567,5400 Oak St,Philadelphia,TX,90308
568,170 Oak St,New York,IL,58283
569,9738 Oak St,San Antonio,PA,93750
570,2 Elm St,Houston,CA,45636
571,1617 Pine St,New York,NY,51404
572,9653 Main St,Phoenix,PA,60374
573,8461 Main St,Los Angeles,CA,54244
574,4901 Maple St,Phoenix,AZ,40869
575,7781 Pine St,Philadelphia,TX,37117
576,684 Pine St,Chicago,TX,81330
577,6658 Elm St,Chicago,IL,63502
578,6470 Elm St,Chicago,AZ,75922
579,2689 Pine St,Phoenix,IL,52348
580,1619 Main St,Houston,PA,36380
581,5880 Maple St,Los Angeles,NY,71052
582,3204 Maple St,Chicago,NY,84549
583,8858 Elm St,Philadelphia,NY,14089
584,8871 Maple St,Philadelphia,IL,52958
585,9075 Maple St,Chicago,AZ,66419
586,9548 Elm St,Chicago,NY,61906
587,4377 Main St,Los Angeles,AZ,51354
588,2452 Maple St,Chicago,IL,28080
589,4235 Elm St,Los Angeles,PA,99194
590,911 Elm St,Philadelphia,AZ,39246
591,2504 Oak St,Chicago,PA,40462
592,9716 Pine St,Phoenix,IL,87013
593,680 Main St,San Antonio,IL,59955
594,1073 Maple St,Phoenix,TX,94190
595,9070 Maple St,Philadelphia,IL,19259
596,3806 Pine St,Los Angeles,IL,79839
597,4634 Elm St,Phoenix,CA,47549
598,3805 Elm St,Los Angeles,NY,75865
599,2378 Pine St,Phoenix,TX,42582
600,8185 Main St,Phoenix,TX,59049
601,9433 Elm St,Los Angeles,TX,70922
602,9496 Maple St,Houston,TX,73662
603,5113 Pine St,Phoenix,TX,13562
604,2509 Elm St,Chicago,CA,72581
605,4705 Oak St,San Antonio,PA,52777
606,7357 Pine St,Philadelphia,IL,71866
607,4268 Pine St,Houston,NY,70881
608,2639 Pine St,Los Angeles,AZ,62344
609,4882 Oak St,Houston,TX,95185
610,2736 Pine St,New York,PA,78037
611,5306 Pine St,New York,TX,86214
612,4307 Maple St,Phoenix,IL,24702
613,5300 Elm St,Phoenix,CA,51988
614,1523 Pine St,Chicago,TX,17335
615,7487 Oak St,San Antonio,IL,35465
616,6193 Maple St,Philadelphia,IL,70990
617,3227 Oak St,Houston,CA,68852
618,3505 Maple St,New York,TX,91504
619,3047 Maple St,Phoenix,TX,64162
620,2386 Elm St,Philadelphia,NY,42626
621,4381 Maple St,Houston,NY,43560
622,6118 Elm St,Phoenix,TX,18545
623,1867 Maple St,Phoenix,PA,42807
624,6574 Oak St,New York,AZ,86681
625,3986 Pine St,New York,IL,87822
626,8241 Pine St,Phoenix,AZ,48061
627,1103 Pine St,Los Angeles,IL,74095
628,2144 Main St,Phoenix,TX,18719
629,328 Pine St,Philadelphia,NY,41639
630,2291 Pine St,Phoenix,PA,46132
631,3118 Maple St,Chicago,NY,58225
632,1846 Main St,San Antonio,AZ,71314
633,6434 Maple St,Chicago,NY,88555
634,9079 Main St,Chicago,TX,37024
635,6618 Pine St,Los Angeles,PA,98498
636,6550 Main St,Los Angeles,AZ,13363
637,3149 Main St,Phoenix,PA,34858
638,2456 Main St,Chicago,IL,88030
639,2756 Pine St,Los Angeles,NY,27562
640,9415 Main St,New York,PA,45720
641,7998 Elm St,Phoenix,CA,16947
642,9797 Pine St,Philadelphia,NY,97964
643,942 Oak St,San Antonio,IL,36311
644,4592 Maple St,Houston,PA,16710
645,6577 Elm St,Phoenix,AZ,28435
646,1910 Elm St,Houston,IL,68870
647,9379 Oak St,Chicago,CA,68428
648,9462 Maple St,San Antonio,PA,37019
649,3576 Oak St,Houston,TX,29016
650,2606 Main St,Chicago,TX,25333
651,3811 Elm St,New York,TX,95043
652,6579 Pine St,Houston,NY,43628
653,849 Maple St,San Antonio,AZ,52493
654,3739 Main St,Phoenix,TX,60694
655,6054 Maple St,Chicago,PA,22380
656,9506 Oak St,Phoenix,TX,64740
657,4707 Elm St,San Antonio,TX,12622
658,6362 Oak St,Los Angeles,TX,22997
659,4835 Pine St,Chicago,PA,68746
660,2666 Maple St,Houston,TX,40562
661,5037 Maple St,Chicago,IL,89672
662,9825 Maple St,Phoenix,PA,62109
663,6372 Elm St,New York,AZ,60258
664,8937 Maple St,Chicago,TX,39070
665,9032 Oak St,Houston,AZ,36795
666,157 Maple St,Los Angeles,CA,87073
667,159 Main St,Philadelphia,TX,69048
668,7247 Oak St,New York,CA,46884
669,3925 Elm St,Los Angeles,NY,69944
670,5119 Pine St,Chicago,NY,31321
671,1075 Elm St,Phoenix,CA,37837
672,768 Pine St,San Antonio,PA,52077
673,1195 Main St,Phoenix,AZ,60309
674,7078 Pine St,Houston,CA,16896
675,7218 Main St,Phoenix,NY,69225
676,7874 Main St,New York,CA,90132
677,8659 Oak St,Phoenix,PA,21813
678,6652 Oak St,Houston,CA,79694
679,4312 Elm St,Philadelphia,AZ,87861
680,2207 Main St,Chicago,TX,48201
681,7829 Oak St,San Antonio,PA,66766
682,371 Main St,Chicago,NY,38498
683,9003 Maple St,Phoenix,AZ,76336
684,358 Pine St,Los Angeles,CA,90674
685,6583 Main St,Chicago,CA,25822
686,4251 Oak St,Philadelphia,TX,96495
687,7373 Maple St,Phoenix,NY,98747
688,841 Elm St,San Antonio,NY,14889
689,2918 Oak St,Houston,IL,81322
690,3582 Pine St,Philadelphia,NY,14683
691,2937 Maple St,Phoenix,TX,36381
692,2409 Elm St,Philadelphia,TX,64717
693,8249 Pine St,Chicago,IL,87962
694,8082 Maple St,San Antonio,IL,54623
695,3882 Main St,Houston,CA,79860
696,1435 Pine St,Phoenix,CA,14467
697,2221 Maple St,New York,NY,40824
698,395 Maple St,Houston,IL,22891
699,7645 Elm St,New York,CA,18232
700,6222 Pine St,Philadelphia,TX,12224
701,5108 Elm St,Los Angeles,CA,69978
702,3890 Oak St,Houston,PA,48325
703,3211 Main St,Philadelphia,PA,86229
704,4649 Oak St,New York,CA,34259
705,7506 Main St,Chicago,IL,60037
706,2765 Oak St,Chicago,TX,11880
707,4270 Maple St,Los Angeles,TX,25501
708,5370 Elm St,Houston,IL,38073
709,5794 Elm St,Houston,AZ,61138
710,1560 Main St,Houston,TX,94160
711,5052 Oak St,Philadelphia,PA,82816
712,8719 Oak St,San Antonio,TX,82450
713,954 Oak St,San Antonio,IL,82528
714,3189 Main St,Los Angeles,NY,56474
715,9893 Elm St,Houston,PA,34119
716,2340 Elm St,Philadelphia,TX,68599
717,8578 Maple St,Chicago,TX,16063
718,4981 Main St,New York,IL,69768
719,8216 Oak St,Philadelphia,TX,35882
720,1017 Oak St,San Antonio,IL,92387
721,1017 Main St,San Antonio,TX,54972
722,8417 Main St,Chicago,CA,36804
723,997 Oak St,Chicago,PA,63781
724,9444 Pine St,New York,AZ,37801
725,9324 Elm St,Chicago,CA,22539
726,3726 Oak St,Los Angeles,PA,54029
727,2168 Main St,New York,IL,63561
728,8155 Oak St,Chicago,PA,60211
729,4556 Main St,Phoenix,TX,86002
730,1649 Pine St,Philadelphia,IL,90829
731,7984 Maple St,Chicago,CA,75728
732,6558 Main St,Los Angeles,NY,38814
733,1635 Main St,Houston,NY,39711
734,8723 Oak St,Chicago,PA,78806
735,9023 Pine St,San Antonio,NY,53192
736,8329 Oak St,San Antonio,IL,62918
737,6910 Main St,San Antonio,TX,68994
738,9842 Main St,Houston,IL,96233
739,7558 Main St,San Antonio,TX,81346
740,651 Elm St,Phoenix,CA,94550
741,4872 Oak St,Chicago,AZ,12851
742,7233 Elm St,San Antonio,TX,75492
743,6224 Maple St,New York,NY,47131
744,8174 Elm St,Houston,IL,62528
745,6790 Elm St,Phoenix,CA,10737
746,1760 Maple St,New York,NY,13526
747,1388 Oak St,New York,CA,39968
748,3544 Pine St,New York,AZ,33622
749,7858 Oak St,New York,TX,67715
750,7441 Main St,Chicago,IL,13267
751,7445 Elm St,San Antonio,PA,15952
752,2985 Maple St,Philadelphia,IL,32058
753,6161 Maple St,Chicago,AZ,65160
754,6109 Pine St,Chicago,IL,64135
755,8945 Main St,Phoenix,PA,70240
756,9179 Main St,Phoenix,TX,63400
757,8903 Pine St,San Antonio,CA,99255
758,9504 Oak St,Philadelphia,PA,74628
759,6702 Pine St,Phoenix,NY,82449
760,1216 Oak St,San Antonio,AZ,98666
761,6449 Maple St,San Antonio,TX,65870
762,2835 Maple St,Los Angeles,NY,41391
763,8454 Pine St,Philadelphia,NY,50804
764,3082 Main St,Phoenix,AZ,14288
765,4796 Pine St,Philadelphia,TX,17224
766,809 Elm St,Chicago,TX,93352
767,8786 Maple St,Chicago,NY,57787
768,4821 Oak St,Philadelphia,NY,83795
769,8227 Elm St,Los Angeles,TX,93997
770,5764 Main St,Los Angeles,IL,20490
771,6239 Main St,Philadelphia,NY,93315
772,2276 Main St,Phoenix,CA,43721
773,3849 Oak St,Houston,TX,53321
774,8957 Elm St,Los Angeles,NY,66017
775,7773 Maple St,New York,AZ,40104
776,8435 Elm St,Chicago,PA,92797
777,6443 Elm St,Philadelphia,CA,47563
778,4737 Elm St,New York,PA,89622
779,4598 Elm St,Philadelphia,PA,20341
780,6442 Maple St,San Antonio,NY,16182
781,5257 Maple St,Chicago,CA,32342
782,5427 Maple St,Chicago,CA,61890
783,4713 Main St,Los Angeles,IL,86966
784,5794 Oak St,Los Angeles,PA,75978
785,6100 Elm St,New York,CA,46636
786,2262 Oak St,San Antonio,IL,60964
787,6276 Main St,Philadelphia,TX,54455
788,1731 Maple St,San Antonio,IL,95059
789,5907 Elm St,Chicago,AZ,89260
790,5190 Main St,New York,TX,69272
791,6101 Main St,Houston,NY,29137
792,5106 Maple St,New York,TX,10503
793,6718 Oak St,Phoenix,TX,71035
794,2768 Oak St,New York,TX,79635
795,7654 Main St,San Antonio,TX,15703
796,7798 Oak St,Phoenix,AZ,31574
797,5609 Main St,Phoenix,IL,45855
798,4835 Maple St,Phoenix,NY,48520
799,3020 Maple St,Houston,IL,18394
800,160 Maple St,New York,CA,67166
801,6227 Maple St,San Antonio,IL,63753
802,5152 Maple St,New York,TX,75116
803,9285 Elm St,Houston,NY,99130
804,4378 Maple St,Chicago,IL,86696
805,4456 Oak St,Los Angeles,NY,39143
806,6343 Main St,San Antonio,NY,35431
807,4257 Maple St,San Antonio,CA,51758
808,1301 Maple St,New York,CA,81267
809,5522 Maple St,Los Angeles,TX,77839
810,9219 Main St,Philadelphia,AZ,41345
811,3933 Main St,Philadelphia,TX,58446
812,9766 Maple St,Houston,NY,94052
813,2121 Oak St,Philadelphia,AZ,56278
814,7346 Main St,San Antonio,TX,12788
815,603 Pine St,Philadelphia,TX,60739
816,722 Oak St,Chicago,TX,24794
817,7899 Pine St,Chicago,TX,85053
818,5748 Main St,Chicago,TX,65110
819,8834 Elm St,Philadelphia,NY,48044
820,2109 Oak St,Houston,NY,95811
821,3775 Pine St,Phoenix,PA,24501
822,7275 Elm St,Phoenix,AZ,64224
823,9454 Elm St,Los Angeles,IL,50352
824,5626 Pine St,Phoenix,CA,43763
825,6763 Maple St,Phoenix,IL,95828
826,2370 Elm St,Chicago,AZ,22163
827,4511 Pine St,Chicago,CA,16246
828,6869 Main St,Philadelphia,IL,88385
829,7853 Pine St,Los Angeles,PA,49858
830,6289 Oak St,New York,CA,36256
831,9470 Oak St,San Antonio,NY,99242
832,3936 Maple St,Los Angeles,IL,73915
833,9006 Oak St,Los Angeles,CA,76140
834,4141 Main St,Houston,PA,98563
835,5473 Main St,Philadelphia,TX,29650
836,8456 Oak St,Houston,CA,52792
837,6077 Elm St,Los Angeles,CA,96024
838,3219 Oak St,Los Angeles,PA,84030
839,9128 Elm St,Los Angeles,TX,23958
840,4369 Oak St,Phoenix,IL,23598
841,9123 Elm St,San Antonio,TX,80817
842,2626 Main St,San Antonio,IL,26445
843,7070 Pine St,Houston,TX,93892
844,8202 Elm St,Los Angeles,AZ,40774
845,9055 Main St,San Antonio,PA,11482
846,9576 Oak St,Chicago,IL,88324
847,2332 Main St,San Antonio,CA,46422
848,1490 Pine St,Philadelphia,PA,99054
849,7757 Main St,Philadelphia,NY,24671
850,1277 Elm St,San Antonio,TX,13572
851,1873 Maple St,Chicago,IL,77272
852,2508 Oak St,Philadelphia,PA,69012
853,9681 Pine St,Phoenix,IL,57452
854,8517 Elm St,San Antonio,PA,87020
855,8804 Main St,Phoenix,CA,68887
856,6364 Pine St,San Antonio,NY,77213
857,8685 Pine St,New York,NY,85293
858,2250 Main St,New York,AZ,73950
859,9719 Elm St,New York,PA,55830
860,2786 Pine St,Philadelphia,IL,24807
861,6377 Elm St,Phoenix,NY,39973
862,4981 Elm St,Phoenix,TX,44334
863,6747 Elm St,Phoenix,NY,69235
864,5664 Pine St,Chicago,TX,27161
865,4635 Maple St,Phoenix,TX,15192
866,798 Main St,Chicago,NY,40479
867,302 Main St,New York,PA,40061
868,2737 Main St,New York,AZ,17638
869,7987 Elm St,Philadelphia,NY,45239
870,7345 Elm St,San Antonio,CA,54101
871,3960 Elm St,New York,IL,62050
872,3476 Elm St,San Antonio,AZ,19973
873,4828 Maple St,San Antonio,CA,43209
874,215 Elm St,Philadelphia,AZ,59105
875,4531 Main St,Los Angeles,CA,83791
876,6718 Pine St,Los Angeles,IL,65219
877,1704 Maple St,Houston,IL,84872
878,3536 Oak St,Philadelphia,TX,35130
879,8893 Elm St,Houston,PA,84113
880,5224 Elm St,Houston,CA,31334
881,3131 Elm St,Los Angeles,TX,79497
882,4860 Pine St,Philadelphia,CA,87117
883,2864 Oak St,Los Angeles,TX,72042
884,4394 Oak St,Houston,IL,79304
885,6763 Elm St,Philadelphia,AZ,55664
886,8504 Oak St,Houston,TX,25712
887,1385 Main St,Phoenix,TX,20825
888,9834 Pine St,San Antonio,CA,94498
889,4515 Maple St,Philadelphia,CA,64240
890,1312 Pine St,Philadelphia,TX,11410
891,9564 Main St,San Antonio,PA,41965
892,377 Oak St,Houston,IL,53300
893,1926 Pine St,Phoenix,CA,39618
894,4902 Oak St,Chicago,NY,87378
895,4182 Maple St,San Antonio,AZ,60130
896,6046 Elm St,Los Angeles,TX,81021
897,7821 Pine St,Houston,PA,67849
898,3882 Pine St,San Antonio,TX,36068
899,4202 Oak St,San Antonio,AZ,26310
900,8594 Pine St,Philadelphia,IL,53239
901,551 Elm St,Los Angeles,PA,63902
902,6907 Elm St,Los Angeles,TX,66606
903,5717 Oak St,Los Angeles,TX,44116
904,9661 Elm St,San Antonio,TX,58543
905,6913 Maple St,Chicago,NY,90700
906,5789 Maple St,New York,TX,37417
907,5687 Pine St,Houston,IL,26497
908,9148 Main St,New York,PA,87512
909,4939 Maple St,San Antonio,PA,96989
910,5850 Maple St,New York,CA,72663
911,9891 Oak St,San Antonio,NY,78860
912,2836 Oak St,New York,NY,96829
913,9305 Elm St,Los Angeles,PA,23325
914,7071 Main St,Phoenix,PA,30956
915,2442 Maple St,Los Angeles,AZ,84466
916,3186 Main St,Los Angeles,AZ,72183
917,3585 Maple St,Philadelphia,AZ,61005
918,4300 Oak St,Philadelphia,NY,53616
919,664 Oak St,New York,CA,93686
920,3216 Pine St,San Antonio,TX,26642
921,7358 Maple St,Los Angeles,AZ,91385
922,4882 Main St,New York,CA,32592
923,4477 Main St,Philadelphia,TX,26395
924,9761 Pine St,Phoenix,IL,44582
925,2938 Main St,Houston,AZ,53604
926,8874 Oak St,New York,TX,58698
927,4775 Oak St,Phoenix,TX,98564
928,9897 Main St,Houston,IL,39969
929,7325 Elm St,Chicago,IL,86526
930,6690 Oak St,New York,TX,32816
931,7092 Pine St,New York,AZ,49129
932,4631 Maple St,Chicago,NY,93784
933,168 Maple St,Chicago,TX,25903
934,3800 Elm St,New York,TX,93581
935,9741 Main St,Chicago,TX,64939
936,8517 Pine St,Los Angeles,IL,83210
937,1338 Pine St,Houston,CA,97196
938,5798 Main St,Houston,TX,24217
939,9558 Maple St,Houston,NY,98876
940,9766 Main St,Los Angeles,AZ,64302
941,1689 Elm St,San Antonio,AZ,32606
942,8968 Maple St,Chicago,TX,50905
943,9184 Oak St,Phoenix,CA,68847
944,9665 Main St,Chicago,TX,95415
945,4842 Maple St,New York,NY,55509
946,9335 Main St,Philadelphia,AZ,42022
947,3787 Oak St,Houston,TX,82623
948,6997 Main St,Chicago,PA,58247
949,8504 Main St,Phoenix,TX,99686
950,8980 Main St,New York,AZ,22629
951,1521 Main St,Los Angeles,TX,44592
952,2681 Main St,San Antonio,PA,55568
953,5993 Elm St,Los Angeles,CA,78995
954,2019 Maple St,Phoenix,NY,11624
955,5833 Pine St,New York,CA,50511
956,7948 Elm St,Houston,CA,97215
957,3912 Oak St,Chicago,TX,44334
958,9539 Elm St,New York,NY,46949
959,6675 Elm St,San Antonio,NY,53828
960,404 Main St,Los Angeles,AZ,13431
961,7390 Main St,San Antonio,AZ,67504
962,4237 Pine St,San Antonio,NY,13956
963,9974 Main St,Phoenix,PA,30322
964,4016 Maple St,Phoenix,IL,74929
965,5981 Oak St,Chicago,AZ,91489
966,1635 Pine St,Phoenix,IL,51166
967,9173 Pine St,Phoenix,TX,87723
968,2654 Main St,New York,PA,67678
969,4730 Elm St,Houston,NY,80294
970,9097 Maple St,Chicago,PA,18465
971,8774 Maple St,New York,AZ,77759
972,9780 Pine St,Houston,CA,18246
973,7331 Pine St,San Antonio,TX,91658
974,964 Elm St,New York,NY,38023
975,6882 Maple St,Philadelphia,TX,94599
976,6964 Elm St,New York,TX,74125
977,851 Maple St,Phoenix,IL,91270
978,1796 Maple St,Houston,PA,55606
979,4259 Main St,Chicago,NY,76653
980,3694 Oak St,Chicago,TX,98624
981,5725 Oak St,Houston,PA,64583
982,3472 Elm St,Phoenix,NY,20580
983,7212 Maple St,Los Angeles,AZ,37541
984,1173 Pine St,New York,TX,65937
985,1247 Elm St,Phoenix,AZ,24749
986,4526 Main St,Philadelphia,TX,74212
987,9168 Main St,San Antonio,AZ,41599
988,7142 Oak St,Houston,PA,36857
989,3599 Oak St,New York,TX,44647
990,5283 Oak St,Chicago,TX,40174
991,4362 Maple St,San Antonio,TX,21356
992,2654 Main St,Los Angeles,AZ,51970
993,9260 Elm St,Philadelphia,NY,62924
994,5665 Main St,Chicago,TX,27577
995,6544 Maple St,Houston,AZ,35101
996,2920 Pine St,New York,CA,14167
997,1630 Pine St,Houston,AZ,26127
998,5681 Elm St,San Antonio,PA,79596
999,8964 Oak St,New York,TX,69806
1000,5850 Oak St,Phoenix,CA,56142
